Indicator 59 Monthly electricity usage at Australian Antarctic Stations,,,,,,,,,
Date,Latitude,Longitude,Place,Parameter,Value,Error,Unit of measure,,
Jan-86,-67.60269444,62.87380556,Mawson,Station electricity usage,131866,,kWh,,
Jan-86,-68.57661111,77.96738889,Davis,Station electricity usage,,,kWh,,
Jan-86,-66.28180556,110.5276111,Casey,Station electricity usage,118850,,kWh,,
Jan-86,-54.61988889,158.861,Macquarie Island,Station electricity usage,31457,,kWh,,
Feb-86,-67.60269444,62.87380556,Mawson,Station electricity usage,,,kWh,,
Feb-86,-68.57661111,77.96738889,Davis,Station electricity usage,,,kWh,,
Feb-86,-66.28180556,110.5276111,Casey,Station electricity usage,118646,,kWh,,
Feb-86,-54.61988889,158.861,Macquarie Island,Station electricity usage,26969,,kWh,,
Mar-86,-67.60269444,62.87380556,Mawson,Station electricity usage,132624,,kWh,,
Mar-86,-68.57661111,77.96738889,Davis,Station electricity usage,,,kWh,,
Mar-86,-66.28180556,110.5276111,Casey,Station electricity usage,138179,,kWh,,
Mar-86,-54.61988889,158.861,Macquarie Island,Station electricity usage,32276,,kWh,,
Apr-86,-67.60269444,62.87380556,Mawson,Station electricity usage,159096,,kWh,,
Apr-86,-68.57661111,77.96738889,Davis,Station electricity usage,,,kWh,,
Apr-86,-66.28180556,110.5276111,Casey,Station electricity usage,139818,,kWh,,
Apr-86,-54.61988889,158.861,Macquarie Island,Station electricity usage,29256,,kWh,,
May-86,-67.60269444,62.87380556,Mawson,Station electricity usage,168630,,kWh,,
May-86,-66.28180556,110.5276111,Casey,Station electricity usage,150854,,kWh,,
May-86,-54.61988889,158.861,Macquarie Island,Station electricity usage,33720,,kWh,,
Jun-86,-67.60269444,62.87380556,Mawson,Station electricity usage,171122,,kWh,,
Jun-86,-66.28180556,110.5276111,Casey,Station electricity usage,144110,,kWh,,
Jun-86,-54.61988889,158.861,Macquarie Island,Station electricity usage,33010,,kWh,,
Jul-86,-67.60269444,62.87380556,Mawson,Station electricity usage,171248,,kWh,,
Jul-86,-66.28180556,110.5276111,Casey,Station electricity usage,147306,,kWh,,
Jul-86,-54.61988889,158.861,Macquarie Island,Station electricity usage,20964,,kWh,,
Aug-86,-67.60269444,62.87380556,Mawson,Station electricity usage,172494,,kWh,,
Aug-86,-66.28180556,110.5276111,Casey,Station electricity usage,143744,,kWh,,
Aug-86,-54.61988889,158.861,Macquarie Island,Station electricity usage,33830,,kWh,,
Sep-86,-67.60269444,62.87380556,Mawson,Station electricity usage,159418,,kWh,,
Sep-86,-66.28180556,110.5276111,Casey,Station electricity usage,124296,,kWh,,
Sep-86,-54.61988889,158.861,Macquarie Island,Station electricity usage,34996,,kWh,,
Oct-86,-67.60269444,62.87380556,Mawson,Station electricity usage,153104,,kWh,,
Oct-86,-66.28180556,110.5276111,Casey,Station electricity usage,136664,,kWh,,
Oct-86,-54.61988889,158.861,Macquarie Island,Station electricity usage,33328,,kWh,,
Nov-86,-67.60269444,62.87380556,Mawson,Station electricity usage,139720,,kWh,,
Nov-86,-66.28180556,110.5276111,Casey,Station electricity usage,136144,,kWh,,
Nov-86,-54.61988889,158.861,Macquarie Island,Station electricity usage,32597,,kWh,,
Dec-86,-67.60269444,62.87380556,Mawson,Station electricity usage,130816,,kWh,,
Dec-86,-66.28180556,110.5276111,Casey,Station electricity usage,128394,,kWh,,
Dec-86,-54.61988889,158.861,Macquarie Island,Station electricity usage,33073,,kWh,,
Jan-87,-67.60269444,62.87380556,Mawson,Station electricity usage,122822,,kWh,,
Jan-87,-68.57661111,77.96738889,Davis,Station electricity usage,86724,,kWh,,
Jan-87,-66.28180556,110.5276111,Casey,Station electricity usage,120176,,kWh,,
Jan-87,-54.61988889,158.861,Macquarie Island,Station electricity usage,34480,,kWh,,
Feb-87,-67.60269444,62.87380556,Mawson,Station electricity usage,132034,,kWh,,
Feb-87,-68.57661111,77.96738889,Davis,Station electricity usage,86772,,kWh,,
Feb-87,-66.28180556,110.5276111,Casey,Station electricity usage,110416,,kWh,,
Feb-87,-54.61988889,158.861,Macquarie Island,Station electricity usage,30840,,kWh,,
Mar-87,-67.60269444,62.87380556,Mawson,Station electricity usage,147854,,kWh,,
Mar-87,-68.57661111,77.96738889,Davis,Station electricity usage,116412,,kWh,,
Mar-87,-66.28180556,110.5276111,Casey,Station electricity usage,103316,,kWh,,
Mar-87,-54.61988889,158.861,Macquarie Island,Station electricity usage,38837,,kWh,,
Apr-87,-67.60269444,62.87380556,Mawson,Station electricity usage,154140,,kWh,,
Apr-87,-68.57661111,77.96738889,Davis,Station electricity usage,112080,,kWh,,
Apr-87,-66.28180556,110.5276111,Casey,Station electricity usage,140220,,kWh,,
Apr-87,-54.61988889,158.861,Macquarie Island,Station electricity usage,43144,,kWh,,
May-87,-67.60269444,62.87380556,Mawson,Station electricity usage,168210,,kWh,,
May-87,-68.57661111,77.96738889,Davis,Station electricity usage,127392,,kWh,,
May-87,-66.28180556,110.5276111,Casey,Station electricity usage,153421,,kWh,,
May-87,-54.61988889,158.861,Macquarie Island,Station electricity usage,47421,,kWh,,
Jun-87,-67.60269444,62.87380556,Mawson,Station electricity usage,162050,,kWh,,
Jun-87,-68.57661111,77.96738889,Davis,Station electricity usage,126104,,kWh,,
Jun-87,-66.28180556,110.5276111,Casey,Station electricity usage,139992,,kWh,,
Jun-87,-54.61988889,158.861,Macquarie Island,Station electricity usage,48693,,kWh,,
Jul-87,-67.60269444,62.87380556,Mawson,Station electricity usage,172536,,kWh,,
Jul-87,-68.57661111,77.96738889,Davis,Station electricity usage,123288,,kWh,,
Jul-87,-66.28180556,110.5276111,Casey,Station electricity usage,154842,,kWh,,
Jul-87,-54.61988889,158.861,Macquarie Island,Station electricity usage,32024,,kWh,,
Aug-87,-67.60269444,62.87380556,Mawson,Station electricity usage,177730,,kWh,,
Aug-87,-68.57661111,77.96738889,Davis,Station electricity usage,132648,,kWh,,
Aug-87,-66.28180556,110.5276111,Casey,Station electricity usage,96418,,kWh,,
Aug-87,-54.61988889,158.861,Macquarie Island,Station electricity usage,46993,,kWh,,
Sep-87,-67.60269444,62.87380556,Mawson,Station electricity usage,162652,,kWh,,
Sep-87,-68.57661111,77.96738889,Davis,Station electricity usage,126840,,kWh,,
Sep-87,-66.28180556,110.5276111,Casey,Station electricity usage,181322,,kWh,,
Sep-87,-54.61988889,158.861,Macquarie Island,Station electricity usage,45428,,kWh,,
Oct-87,-67.60269444,62.87380556,Mawson,Station electricity usage,152180,,kWh,,
Oct-87,-68.57661111,77.96738889,Davis,Station electricity usage,119172,,kWh,,
Oct-87,-66.28180556,110.5276111,Casey,Station electricity usage,175537,,kWh,,
Oct-87,-54.61988889,158.861,Macquarie Island,Station electricity usage,46764,,kWh,,
Nov-87,-67.60269444,62.87380556,Mawson,Station electricity usage,133476,,kWh,,
Nov-87,-68.57661111,77.96738889,Davis,Station electricity usage,107580,,kWh,,
Nov-87,-66.28180556,110.5276111,Casey,Station electricity usage,144610,,kWh,,
Nov-87,-54.61988889,158.861,Macquarie Island,Station electricity usage,44383,,kWh,,
Dec-87,-67.60269444,62.87380556,Mawson,Station electricity usage,112042,,kWh,,
Dec-87,-68.57661111,77.96738889,Davis,Station electricity usage,106924,,kWh,,
Dec-87,-66.28180556,110.5276111,Casey,Station electricity usage,137540,,kWh,,
Dec-87,-54.61988889,158.861,Macquarie Island,Station electricity usage,44280,,kWh,,
Jan-88,-67.60269444,62.87380556,Mawson,Station electricity usage,127806,,kWh,,
Jan-88,-68.57661111,77.96738889,Davis,Station electricity usage,105960,,kWh,,
Jan-88,-66.28180556,110.5276111,Casey,Station electricity usage,95333,,kWh,,
Jan-88,-54.61988889,158.861,Macquarie Island,Station electricity usage,44588,,kWh,,
Feb-88,-67.60269444,62.87380556,Mawson,Station electricity usage,135464,,kWh,,
Feb-88,-68.57661111,77.96738889,Davis,Station electricity usage,66120,,kWh,,
Feb-88,-66.28180556,110.5276111,Casey,Station electricity usage,136666,,kWh,,
Feb-88,-54.61988889,158.861,Macquarie Island,Station electricity usage,42240,,kWh,,
Mar-88,-67.60269444,62.87380556,Mawson,Station electricity usage,156758,,kWh,,
Mar-88,-68.57661111,77.96738889,Davis,Station electricity usage,22920,,kWh,,
Mar-88,-66.28180556,110.5276111,Casey,Station electricity usage,161660,,kWh,,
Mar-88,-54.61988889,158.861,Macquarie Island,Station electricity usage,50178,,kWh,,
Apr-88,-67.60269444,62.87380556,Mawson,Station electricity usage,157332,,kWh,,
Apr-88,-68.57661111,77.96738889,Davis,Station electricity usage,18050,,kWh,,
Apr-88,-66.28180556,110.5276111,Casey,Station electricity usage,149992,,kWh,,
Apr-88,-54.61988889,158.861,Macquarie Island,Station electricity usage,49899,,kWh,,
May-88,-67.60269444,62.87380556,Mawson,Station electricity usage,156170,,kWh,,
May-88,-68.57661111,77.96738889,Davis,Station electricity usage,116956,,kWh,,
May-88,-66.28180556,110.5276111,Casey,Station electricity usage,163136,,kWh,,
May-88,-54.61988889,158.861,Macquarie Island,Station electricity usage,53003,,kWh,,
Jun-88,-67.60269444,62.87380556,Mawson,Station electricity usage,161112,,kWh,,
Jun-88,-68.57661111,77.96738889,Davis,Station electricity usage,123360,,kWh,,
Jun-88,-66.28180556,110.5276111,Casey,Station electricity usage,156012,,kWh,,
Jun-88,-54.61988889,158.861,Macquarie Island,Station electricity usage,55528,,kWh,,
Jul-88,-67.60269444,62.87380556,Mawson,Station electricity usage,168574,,kWh,,
Jul-88,-68.57661111,77.96738889,Davis,Station electricity usage,137760,,kWh,,
Jul-88,-66.28180556,110.5276111,Casey,Station electricity usage,169270,,kWh,,
Jul-88,-54.61988889,158.861,Macquarie Island,Station electricity usage,52846,,kWh,,
Aug-88,-67.60269444,62.87380556,Mawson,Station electricity usage,162932,,kWh,,
Aug-88,-68.57661111,77.96738889,Davis,Station electricity usage,138240,,kWh,,
Aug-88,-66.28180556,110.5276111,Casey,Station electricity usage,172756,,kWh,,
Aug-88,-54.61988889,158.861,Macquarie Island,Station electricity usage,54003,,kWh,,
Sep-88,-67.60269444,62.87380556,Mawson,Station electricity usage,157766,,kWh,,
Sep-88,-68.57661111,77.96738889,Davis,Station electricity usage,128040,,kWh,,
Sep-88,-66.28180556,110.5276111,Casey,Station electricity usage,161908,,kWh,,
Sep-88,-54.61988889,158.861,Macquarie Island,Station electricity usage,52533,,kWh,,
Oct-88,-67.60269444,62.87380556,Mawson,Station electricity usage,154014,,kWh,,
Oct-88,-68.57661111,77.96738889,Davis,Station electricity usage,125180,,kWh,,
Oct-88,-66.28180556,110.5276111,Casey,Station electricity usage,162206,,kWh,,
Oct-88,-54.61988889,158.861,Macquarie Island,Station electricity usage,48714,,kWh,,
Nov-88,-67.60269444,62.87380556,Mawson,Station electricity usage,138446,,kWh,,
Nov-88,-68.57661111,77.96738889,Davis,Station electricity usage,48460,,kWh,,
Nov-88,-66.28180556,110.5276111,Casey,Station electricity usage,163268,,kWh,,
Nov-88,-54.61988889,158.861,Macquarie Island,Station electricity usage,51034,,kWh,,
Dec-88,-67.60269444,62.87380556,Mawson,Station electricity usage,121030,,kWh,,
Dec-88,-68.57661111,77.96738889,Davis,Station electricity usage,,,kWh,,
Dec-88,-66.28180556,110.5276111,Casey,Station electricity usage,148060,,kWh,,
Dec-88,-54.61988889,158.861,Macquarie Island,Station electricity usage,45413,,kWh,,
Jan-89,-67.60269444,62.87380556,Mawson,Station electricity usage,124600,,kWh,,
Jan-89,-68.57661111,77.96738889,Davis,Station electricity usage,90900,,kWh,,
Jan-89,-66.28180556,110.5276111,Casey,Station electricity usage,143638,,kWh,,
Jan-89,-54.61988889,158.861,Macquarie Island,Station electricity usage,41638,,kWh,,
Feb-89,-67.60269444,62.87380556,Mawson,Station electricity usage,126434,,kWh,,
Feb-89,-68.57661111,77.96738889,Davis,Station electricity usage,89856,,kWh,,
Feb-89,-66.28180556,110.5276111,Casey,Station electricity usage,153915,,kWh,,
Feb-89,-54.61988889,158.861,Macquarie Island,Station electricity usage,42056,,kWh,,
Mar-89,-67.60269444,62.87380556,Mawson,Station electricity usage,142380,,kWh,,
Mar-89,-68.57661111,77.96738889,Davis,Station electricity usage,121200,,kWh,,
Mar-89,-66.28180556,110.5276111,Casey,Station electricity usage,142832,,kWh,,
Mar-89,-54.61988889,158.861,Macquarie Island,Station electricity usage,51474,,kWh,,
Apr-89,-67.60269444,62.87380556,Mawson,Station electricity usage,143206,,kWh,,
Apr-89,-68.57661111,77.96738889,Davis,Station electricity usage,127476,,kWh,,
Apr-89,-66.28180556,110.5276111,Casey,Station electricity usage,132312,,kWh,,
Apr-89,-54.61988889,158.861,Macquarie Island,Station electricity usage,48553,,kWh,,
May-89,-67.60269444,62.87380556,Mawson,Station electricity usage,161770,,kWh,,
May-89,-68.57661111,77.96738889,Davis,Station electricity usage,146580,,kWh,,
May-89,-66.28180556,110.5276111,Casey,Station electricity usage,167520,,kWh,,
May-89,-54.61988889,158.861,Macquarie Island,Station electricity usage,52314,,kWh,,
Jun-89,-67.60269444,62.87380556,Mawson,Station electricity usage,104020,,kWh,,
Jun-89,-68.57661111,77.96738889,Davis,Station electricity usage,134280,,kWh,,
Jun-89,-66.28180556,110.5276111,Casey,Station electricity usage,167004,,kWh,,
Jun-89,-54.61988889,158.861,Macquarie Island,Station electricity usage,52300,,kWh,,
Jul-89,-67.60269444,62.87380556,Mawson,Station electricity usage,181580,,kWh,,
Jul-89,-68.57661111,77.96738889,Davis,Station electricity usage,140016,,kWh,,
Jul-89,-66.28180556,110.5276111,Casey,Station electricity usage,169968,,kWh,,
Jul-89,-54.61988889,158.861,Macquarie Island,Station electricity usage,52655,,kWh,,
Aug-89,-67.60269444,62.87380556,Mawson,Station electricity usage,,,kWh,,
Aug-89,-68.57661111,77.96738889,Davis,Station electricity usage,135744,,kWh,,
Aug-89,-66.28180556,110.5276111,Casey,Station electricity usage,163476,,kWh,,
Aug-89,-54.61988889,158.861,Macquarie Island,Station electricity usage,50442,,kWh,,
Sep-89,-67.60269444,62.87380556,Mawson,Station electricity usage,,,kWh,,
Sep-89,-68.57661111,77.96738889,Davis,Station electricity usage,125388,,kWh,,
Sep-89,-66.28180556,110.5276111,Casey,Station electricity usage,149760,,kWh,,
Sep-89,-54.61988889,158.861,Macquarie Island,Station electricity usage,46584,,kWh,,
Oct-89,-67.60269444,62.87380556,Mawson,Station electricity usage,,,kWh,,
Oct-89,-68.57661111,77.96738889,Davis,Station electricity usage,120600,,kWh,,
Oct-89,-66.28180556,110.5276111,Casey,Station electricity usage,161232,,kWh,,
Oct-89,-54.61988889,158.861,Macquarie Island,Station electricity usage,46548,,kWh,,
Nov-89,-67.60269444,62.87380556,Mawson,Station electricity usage,,,kWh,,
Nov-89,-68.57661111,77.96738889,Davis,Station electricity usage,110028,,kWh,,
Nov-89,-66.28180556,110.5276111,Casey,Station electricity usage,152820,,kWh,,
Nov-89,-54.61988889,158.861,Macquarie Island,Station electricity usage,47581,,kWh,,
Dec-89,-67.60269444,62.87380556,Mawson,Station electricity usage,,,kWh,,
Dec-89,-68.57661111,77.96738889,Davis,Station electricity usage,112128,,kWh,,
Dec-89,-66.28180556,110.5276111,Casey,Station electricity usage,146214,,kWh,,
Dec-89,-54.61988889,158.861,Macquarie Island,Station electricity usage,46305,,kWh,,
Jan-90,-67.60269444,62.87380556,Mawson,Station electricity usage,181580,,kWh,,
Jan-90,-68.57661111,77.96738889,Davis,Station electricity usage,113088,,kWh,,
Jan-90,-66.28180556,110.5276111,Casey,Station electricity usage,129300,,kWh,,
Jan-90,-54.61988889,158.861,Macquarie Island,Station electricity usage,41248,,kWh,,
Feb-90,-67.60269444,62.87380556,Mawson,Station electricity usage,186899,,kWh,,
Feb-90,-68.57661111,77.96738889,Davis,Station electricity usage,116868,,kWh,,
Feb-90,-66.28180556,110.5276111,Casey,Station electricity usage,137472,,kWh,,
Feb-90,-54.61988889,158.861,Macquarie Island,Station electricity usage,36631,,kWh,,
Mar-90,-67.60269444,62.87380556,Mawson,Station electricity usage,,,kWh,,
Mar-90,-68.57661111,77.96738889,Davis,Station electricity usage,133632,,kWh,,
Mar-90,-66.28180556,110.5276111,Casey,Station electricity usage,149808,,kWh,,
Mar-90,-54.61988889,158.861,Macquarie Island,Station electricity usage,44538,,kWh,,
Apr-90,-67.60269444,62.87380556,Mawson,Station electricity usage,,,kWh,,
Apr-90,-68.57661111,77.96738889,Davis,Station electricity usage,128160,,kWh,,
Apr-90,-66.28180556,110.5276111,Casey,Station electricity usage,152784,,kWh,,
Apr-90,-54.61988889,158.861,Macquarie Island,Station electricity usage,44669,,kWh,,
May-90,-67.60269444,62.87380556,Mawson,Station electricity usage,166082,,kWh,,
May-90,-68.57661111,77.96738889,Davis,Station electricity usage,150204,,kWh,,
May-90,-66.28180556,110.5276111,Casey,Station electricity usage,171804,,kWh,,
May-90,-54.61988889,158.861,Macquarie Island,Station electricity usage,53736,,kWh,,
Jun-90,-67.60269444,62.87380556,Mawson,Station electricity usage,175014,,kWh,,
Jun-90,-68.57661111,77.96738889,Davis,Station electricity usage,146256,,kWh,,
Jun-90,-66.28180556,110.5276111,Casey,Station electricity usage,179856,,kWh,,
Jun-90,-54.61988889,158.861,Macquarie Island,Station electricity usage,50626,,kWh,,
Jul-90,-67.60269444,62.87380556,Mawson,Station electricity usage,178906,,kWh,,
Jul-90,-68.57661111,77.96738889,Davis,Station electricity usage,159468,,kWh,,
Jul-90,-66.28180556,110.5276111,Casey,Station electricity usage,171120,,kWh,,
Jul-90,-54.61988889,158.861,Macquarie Island,Station electricity usage,50312,,kWh,,
Aug-90,-67.60269444,62.87380556,Mawson,Station electricity usage,181720,,kWh,,
Aug-90,-68.57661111,77.96738889,Davis,Station electricity usage,150048,,kWh,,
Aug-90,-66.28180556,110.5276111,Casey,Station electricity usage,181680,,kWh,,
Aug-90,-54.61988889,158.861,Macquarie Island,Station electricity usage,52301,,kWh,,
Sep-90,-67.60269444,62.87380556,Mawson,Station electricity usage,150010,,kWh,,
Sep-90,-68.57661111,77.96738889,Davis,Station electricity usage,144108,,kWh,,
Sep-90,-66.28180556,110.5276111,Casey,Station electricity usage,178332,,kWh,,
Sep-90,-54.61988889,158.861,Macquarie Island,Station electricity usage,51416,,kWh,,
Oct-90,-67.60269444,62.87380556,Mawson,Station electricity usage,161238,,kWh,,
Oct-90,-68.57661111,77.96738889,Davis,Station electricity usage,139560,,kWh,,
Oct-90,-66.28180556,110.5276111,Casey,Station electricity usage,183408,,kWh,,
Oct-90,-54.61988889,158.861,Macquarie Island,Station electricity usage,50114,,kWh,,
Nov-90,-67.60269444,62.87380556,Mawson,Station electricity usage,131782,,kWh,,
Nov-90,-68.57661111,77.96738889,Davis,Station electricity usage,127488,,kWh,,
Nov-90,-66.28180556,110.5276111,Casey,Station electricity usage,161052,,kWh,,
Nov-90,-54.61988889,158.861,Macquarie Island,Station electricity usage,47325,,kWh,,
Dec-90,-67.60269444,62.87380556,Mawson,Station electricity usage,128192,,kWh,,
Dec-90,-68.57661111,77.96738889,Davis,Station electricity usage,120156,,kWh,,
Dec-90,-66.28180556,110.5276111,Casey,Station electricity usage,149135,,kWh,,
Dec-90,-54.61988889,158.861,Macquarie Island,Station electricity usage,46173,,kWh,,
Jan-91,-67.60269444,62.87380556,Mawson,Station electricity usage,117964,,kWh,,
Jan-91,-68.57661111,77.96738889,Davis,Station electricity usage,110172,,kWh,,
Jan-91,-66.28180556,110.5276111,Casey,Station electricity usage,148392,,kWh,,
Jan-91,-54.61988889,158.861,Macquarie Island,Station electricity usage,47809,,kWh,,
Feb-91,-67.60269444,62.87380556,Mawson,Station electricity usage,131684,,kWh,,
Feb-91,-68.57661111,77.96738889,Davis,Station electricity usage,118440,,kWh,,
Feb-91,-66.28180556,110.5276111,Casey,Station electricity usage,117396,,kWh,,
Feb-91,-54.61988889,158.861,Macquarie Island,Station electricity usage,44671,,kWh,,
Mar-91,-67.60269444,62.87380556,Mawson,Station electricity usage,152712,,kWh,,
Mar-91,-68.57661111,77.96738889,Davis,Station electricity usage,148800,,kWh,,
Mar-91,-66.28180556,110.5276111,Casey,Station electricity usage,,,kWh,,
Mar-91,-54.61988889,158.861,Macquarie Island,Station electricity usage,46266,,kWh,,
Apr-91,-67.60269444,62.87380556,Mawson,Station electricity usage,161686,,kWh,,
Apr-91,-68.57661111,77.96738889,Davis,Station electricity usage,131520,,kWh,,
Apr-91,-66.28180556,110.5276111,Casey,Station electricity usage,,,kWh,,
Apr-91,-54.61988889,158.861,Macquarie Island,Station electricity usage,43851,,kWh,,
May-91,-67.60269444,62.87380556,Mawson,Station electricity usage,186438,,kWh,,
May-91,-68.57661111,77.96738889,Davis,Station electricity usage,152280,,kWh,,
May-91,-66.28180556,110.5276111,Casey,Station electricity usage,116712,,kWh,,
May-91,-54.61988889,158.861,Macquarie Island,Station electricity usage,49110,,kWh,,
Jun-91,-67.60269444,62.87380556,Mawson,Station electricity usage,177912,,kWh,,
Jun-91,-68.57661111,77.96738889,Davis,Station electricity usage,145056,,kWh,,
Jun-91,-66.28180556,110.5276111,Casey,Station electricity usage,188340,,kWh,,
Jun-91,-54.61988889,158.861,Macquarie Island,Station electricity usage,47484,,kWh,,
Jul-91,-67.60269444,62.87380556,Mawson,Station electricity usage,186186,,kWh,,
Jul-91,-68.57661111,77.96738889,Davis,Station electricity usage,153600,,kWh,,
Jul-91,-66.28180556,110.5276111,Casey,Station electricity usage,202560,,kWh,,
Jul-91,-54.61988889,158.861,Macquarie Island,Station electricity usage,47482,,kWh,,
Aug-91,-67.60269444,62.87380556,Mawson,Station electricity usage,189812,,kWh,,
Aug-91,-68.57661111,77.96738889,Davis,Station electricity usage,153120,,kWh,,
Aug-91,-66.28180556,110.5276111,Casey,Station electricity usage,,,kWh,,
Aug-91,-54.61988889,158.861,Macquarie Island,Station electricity usage,49464,,kWh,,
Sep-91,-67.60269444,62.87380556,Mawson,Station electricity usage,177030,,kWh,,
Sep-91,-68.57661111,77.96738889,Davis,Station electricity usage,159960,,kWh,,
Sep-91,-66.28180556,110.5276111,Casey,Station electricity usage,,,kWh,,
Sep-91,-54.61988889,158.861,Macquarie Island,Station electricity usage,44704,,kWh,,
Oct-91,-67.60269444,62.87380556,Mawson,Station electricity usage,170240,,kWh,,
Oct-91,-68.57661111,77.96738889,Davis,Station electricity usage,145200,,kWh,,
Oct-91,-66.28180556,110.5276111,Casey,Station electricity usage,168204,,kWh,,
Oct-91,-54.61988889,158.861,Macquarie Island,Station electricity usage,49161,,kWh,,
Nov-91,-67.60269444,62.87380556,Mawson,Station electricity usage,151396,,kWh,,
Nov-91,-68.57661111,77.96738889,Davis,Station electricity usage,132360,,kWh,,
Nov-91,-66.28180556,110.5276111,Casey,Station electricity usage,,,kWh,,
Nov-91,-54.61988889,158.861,Macquarie Island,Station electricity usage,43391,,kWh,,
Dec-91,-67.60269444,62.87380556,Mawson,Station electricity usage,138334,,kWh,,
Dec-91,-68.57661111,77.96738889,Davis,Station electricity usage,117840,,kWh,,
Dec-91,-66.28180556,110.5276111,Casey,Station electricity usage,,,kWh,,
Dec-91,-54.61988889,158.861,Macquarie Island,Station electricity usage,42070,,kWh,,
Jan-92,-67.60269444,62.87380556,Mawson,Station electricity usage,155960,,kWh,,
Jan-92,-68.57661111,77.96738889,Davis,Station electricity usage,112335,,kWh,,
Jan-92,-66.28180556,110.5276111,Casey,Station electricity usage,,,kWh,,
Jan-92,-54.61988889,158.861,Macquarie Island,Station electricity usage,41065,,kWh,,
Feb-92,-67.60269444,62.87380556,Mawson,Station electricity usage,154560,,kWh,,
Feb-92,-68.57661111,77.96738889,Davis,Station electricity usage,101724,,kWh,,
Feb-92,-66.28180556,110.5276111,Casey,Station electricity usage,259283,,kWh,,
Feb-92,-54.61988889,158.861,Macquarie Island,Station electricity usage,43254,,kWh,,
Mar-92,-67.60269444,62.87380556,Mawson,Station electricity usage,180530,,kWh,,
Mar-92,-68.57661111,77.96738889,Davis,Station electricity usage,135372,,kWh,,
Mar-92,-66.28180556,110.5276111,Casey,Station electricity usage,176404,,kWh,,
Mar-92,-54.61988889,158.861,Macquarie Island,Station electricity usage,50563,,kWh,,
Apr-92,-67.60269444,62.87380556,Mawson,Station electricity usage,185080,,kWh,,
Apr-92,-68.57661111,77.96738889,Davis,Station electricity usage,152016,,kWh,,
Apr-92,-66.28180556,110.5276111,Casey,Station electricity usage,157932,,kWh,,
Apr-92,-54.61988889,158.861,Macquarie Island,Station electricity usage,64103,,kWh,,
May-92,-67.60269444,62.87380556,Mawson,Station electricity usage,189840,,kWh,,
May-92,-68.57661111,77.96738889,Davis,Station electricity usage,164520,,kWh,,
May-92,-66.28180556,110.5276111,Casey,Station electricity usage,166672,,kWh,,
May-92,-54.61988889,158.861,Macquarie Island,Station electricity usage,57970,,kWh,,
Jun-92,-67.60269444,62.87380556,Mawson,Station electricity usage,186741,,kWh,,
Jun-92,-68.57661111,77.96738889,Davis,Station electricity usage,160464,,kWh,,
Jun-92,-66.28180556,110.5276111,Casey,Station electricity usage,163932,,kWh,,
Jun-92,-54.61988889,158.861,Macquarie Island,Station electricity usage,52822,,kWh,,
Jul-92,-67.60269444,62.87380556,Mawson,Station electricity usage,212562,,kWh,,
Jul-92,-68.57661111,77.96738889,Davis,Station electricity usage,169776,,kWh,,
Jul-92,-66.28180556,110.5276111,Casey,Station electricity usage,175452,,kWh,,
Jul-92,-54.61988889,158.861,Macquarie Island,Station electricity usage,54352,,kWh,,
Aug-92,-67.60269444,62.87380556,Mawson,Station electricity usage,221824,,kWh,,
Aug-92,-68.57661111,77.96738889,Davis,Station electricity usage,163812,,kWh,,
Aug-92,-66.28180556,110.5276111,Casey,Station electricity usage,127140,,kWh,,
Aug-92,-54.61988889,158.861,Macquarie Island,Station electricity usage,52683,,kWh,,
Sep-92,-67.60269444,62.87380556,Mawson,Station electricity usage,207634,,kWh,,
Sep-92,-68.57661111,77.96738889,Davis,Station electricity usage,159540,,kWh,,
Sep-92,-66.28180556,110.5276111,Casey,Station electricity usage,165813,,kWh,,
Sep-92,-54.61988889,158.861,Macquarie Island,Station electricity usage,49459,,kWh,,
Oct-92,-67.60269444,62.87380556,Mawson,Station electricity usage,199122,,kWh,,
Oct-92,-68.57661111,77.96738889,Davis,Station electricity usage,160440,,kWh,,
Oct-92,-66.28180556,110.5276111,Casey,Station electricity usage,,,kWh,,
Oct-92,-54.61988889,158.861,Macquarie Island,Station electricity usage,50664,,kWh,,
Nov-92,-67.60269444,62.87380556,Mawson,Station electricity usage,169694,,kWh,,
Nov-92,-68.57661111,77.96738889,Davis,Station electricity usage,130560,,kWh,,
Nov-92,-66.28180556,110.5276111,Casey,Station electricity usage,146352,,kWh,,
Nov-92,-54.61988889,158.861,Macquarie Island,Station electricity usage,46993,,kWh,,
Dec-92,-66.28180556,110.5276111,Casey,Station electricity usage,138456,,kWh,,
Dec-92,-54.61988889,158.861,Macquarie Island,Station electricity usage,47747,,kWh,,
Jan-93,-67.60269444,62.87380556,Mawson,Station electricity usage,133295,,kWh,,
Jan-93,-68.57661111,77.96738889,Davis,Station electricity usage,119172,,kWh,,
Jan-93,-66.28180556,110.5276111,Casey,Station electricity usage,150332,,kWh,,
Jan-93,-54.61988889,158.861,Macquarie Island,Station electricity usage,44680,,kWh,,
Feb-93,-67.60269444,62.87380556,Mawson,Station electricity usage,148505,,kWh,,
Feb-93,-68.57661111,77.96738889,Davis,Station electricity usage,118032,,kWh,,
Feb-93,-66.28180556,110.5276111,Casey,Station electricity usage,145762,,kWh,,
Feb-93,-54.61988889,158.861,Macquarie Island,Station electricity usage,40638,,kWh,,
Mar-93,-67.60269444,62.87380556,Mawson,Station electricity usage,179051,,kWh,,
Mar-93,-68.57661111,77.96738889,Davis,Station electricity usage,132921,,kWh,,
Mar-93,-66.28180556,110.5276111,Casey,Station electricity usage,149834,,kWh,,
Mar-93,-54.61988889,158.861,Macquarie Island,Station electricity usage,44877,,kWh,,
Apr-93,-67.60269444,62.87380556,Mawson,Station electricity usage,189779,,kWh,,
Apr-93,-68.57661111,77.96738889,Davis,Station electricity usage,151049,,kWh,,
Apr-93,-66.28180556,110.5276111,Casey,Station electricity usage,130426,,kWh,,
Apr-93,-54.61988889,158.861,Macquarie Island,Station electricity usage,39558,,kWh,,
May-93,-67.60269444,62.87380556,Mawson,Station electricity usage,206185,,kWh,,
May-93,-68.57661111,77.96738889,Davis,Station electricity usage,173252,,kWh,,
May-93,-66.28180556,110.5276111,Casey,Station electricity usage,149520,,kWh,,
May-93,-54.61988889,158.861,Macquarie Island,Station electricity usage,42720,,kWh,,
Jun-93,-67.60269444,62.87380556,Mawson,Station electricity usage,197923,,kWh,,
Jun-93,-68.57661111,77.96738889,Davis,Station electricity usage,167074,,kWh,,
Jun-93,-66.28180556,110.5276111,Casey,Station electricity usage,146880,,kWh,,
Jun-93,-54.61988889,158.861,Macquarie Island,Station electricity usage,42933,,kWh,,
Jul-93,-67.60269444,62.87380556,Mawson,Station electricity usage,203385,,kWh,,
Jul-93,-68.57661111,77.96738889,Davis,Station electricity usage,152462,,kWh,,
Jul-93,-66.28180556,110.5276111,Casey,Station electricity usage,146160,,kWh,,
Jul-93,-54.61988889,158.861,Macquarie Island,Station electricity usage,44631,,kWh,,
Aug-93,-67.60269444,62.87380556,Mawson,Station electricity usage,198118,,kWh,,
Aug-93,-68.57661111,77.96738889,Davis,Station electricity usage,194815,,kWh,,
Aug-93,-66.28180556,110.5276111,Casey,Station electricity usage,,,kWh,,
Aug-93,-54.61988889,158.861,Macquarie Island,Station electricity usage,45604,,kWh,,
Sep-93,-67.60269444,62.87380556,Mawson,Station electricity usage,187794,,kWh,,
Sep-93,-68.57661111,77.96738889,Davis,Station electricity usage,180090,,kWh,,
Sep-93,-66.28180556,110.5276111,Casey,Station electricity usage,175706,,kWh,,
Sep-93,-54.61988889,158.861,Macquarie Island,Station electricity usage,42705,,kWh,,
Oct-93,-67.60269444,62.87380556,Mawson,Station electricity usage,179090,,kWh,,
Oct-93,-68.57661111,77.96738889,Davis,Station electricity usage,145452,,kWh,,
Oct-93,-66.28180556,110.5276111,Casey,Station electricity usage,187729,,kWh,,
Oct-93,-54.61988889,158.861,Macquarie Island,Station electricity usage,44660,,kWh,,
Nov-93,-67.60269444,62.87380556,Mawson,Station electricity usage,161825,,kWh,,
Nov-93,-68.57661111,77.96738889,Davis,Station electricity usage,161714,,kWh,,
Nov-93,-66.28180556,110.5276111,Casey,Station electricity usage,127286,,kWh,,
Nov-93,-54.61988889,158.861,Macquarie Island,Station electricity usage,43862,,kWh,,
Dec-93,-67.60269444,62.87380556,Mawson,Station electricity usage,181536,,kWh,,
Dec-93,-68.57661111,77.96738889,Davis,Station electricity usage,159050,,kWh,,
Dec-93,-66.28180556,110.5276111,Casey,Station electricity usage,127982,,kWh,,
Dec-93,-54.61988889,158.861,Macquarie Island,Station electricity usage,44251,,kWh,,
Jan-94,-67.60269444,62.87380556,Mawson,Station electricity usage,171500,,kWh,,
Jan-94,-68.57661111,77.96738889,Davis,Station electricity usage,175369,,kWh,,
Jan-94,-66.28180556,110.5276111,Casey,Station electricity usage,125476,,kWh,,
Jan-94,-54.61988889,158.861,Macquarie Island,Station electricity usage,43015,,kWh,,
Feb-94,-67.60269444,62.87380556,Mawson,Station electricity usage,173657,,kWh,,
Feb-94,-68.57661111,77.96738889,Davis,Station electricity usage,164940,,kWh,,
Feb-94,-66.28180556,110.5276111,Casey,Station electricity usage,114783,,kWh,,
Feb-94,-54.61988889,158.861,Macquarie Island,Station electricity usage,38200,,kWh,,
Mar-94,-67.60269444,62.87380556,Mawson,Station electricity usage,194716,,kWh,,
Mar-94,-68.57661111,77.96738889,Davis,Station electricity usage,180826,,kWh,,
Mar-94,-66.28180556,110.5276111,Casey,Station electricity usage,129235,,kWh,,
Mar-94,-54.61988889,158.861,Macquarie Island,Station electricity usage,43660,,kWh,,
Apr-94,-67.60269444,62.87380556,Mawson,Station electricity usage,198951,,kWh,,
Apr-94,-68.57661111,77.96738889,Davis,Station electricity usage,200969,,kWh,,
Apr-94,-66.28180556,110.5276111,Casey,Station electricity usage,135816,,kWh,,
Apr-94,-54.61988889,158.861,Macquarie Island,Station electricity usage,44070,,kWh,,
May-94,-67.60269444,62.87380556,Mawson,Station electricity usage,210663,,kWh,,
May-94,-68.57661111,77.96738889,Davis,Station electricity usage,213987,,kWh,,
May-94,-66.28180556,110.5276111,Casey,Station electricity usage,147826,,kWh,,
May-94,-54.61988889,158.861,Macquarie Island,Station electricity usage,46540,,kWh,,
Jun-94,-67.60269444,62.87380556,Mawson,Station electricity usage,191390,,kWh,,
Jun-94,-68.57661111,77.96738889,Davis,Station electricity usage,185846,,kWh,,
Jun-94,-66.28180556,110.5276111,Casey,Station electricity usage,143346,,kWh,,
Jun-94,-54.61988889,158.861,Macquarie Island,Station electricity usage,48500,,kWh,,
Jul-94,-67.60269444,62.87380556,Mawson,Station electricity usage,207354,,kWh,,
Jul-94,-68.57661111,77.96738889,Davis,Station electricity usage,205586,,kWh,,
Jul-94,-66.28180556,110.5276111,Casey,Station electricity usage,143451,,kWh,,
Jul-94,-54.61988889,158.861,Macquarie Island,Station electricity usage,50790,,kWh,,
Aug-94,-67.60269444,62.87380556,Mawson,Station electricity usage,215036,,kWh,,
Aug-94,-68.57661111,77.96738889,Davis,Station electricity usage,214498,,kWh,,
Aug-94,-66.28180556,110.5276111,Casey,Station electricity usage,164642,,kWh,,
Aug-94,-54.61988889,158.861,Macquarie Island,Station electricity usage,51090,,kWh,,
Sep-94,-67.60269444,62.87380556,Mawson,Station electricity usage,198832,,kWh,,
Sep-94,-68.57661111,77.96738889,Davis,Station electricity usage,203233,,kWh,,
Sep-94,-66.28180556,110.5276111,Casey,Station electricity usage,167743,,kWh,,
Sep-94,-54.61988889,158.861,Macquarie Island,Station electricity usage,47094,,kWh,,
Oct-94,-67.60269444,62.87380556,Mawson,Station electricity usage,190548,,kWh,,
Oct-94,-68.57661111,77.96738889,Davis,Station electricity usage,214074,,kWh,,
Oct-94,-66.28180556,110.5276111,Casey,Station electricity usage,145136,,kWh,,
Oct-94,-54.61988889,158.861,Macquarie Island,Station electricity usage,44617,,kWh,,
Nov-94,-67.60269444,62.87380556,Mawson,Station electricity usage,182124,,kWh,,
Nov-94,-68.57661111,77.96738889,Davis,Station electricity usage,186660,,kWh,,
Nov-94,-66.28180556,110.5276111,Casey,Station electricity usage,136185,,kWh,,
Nov-94,-54.61988889,158.861,Macquarie Island,Station electricity usage,38057,,kWh,,
Dec-94,-67.60269444,62.87380556,Mawson,Station electricity usage,172340,,kWh,,
Dec-94,-68.57661111,77.96738889,Davis,Station electricity usage,172753,,kWh,,
Dec-94,-66.28180556,110.5276111,Casey,Station electricity usage,130449,,kWh,,
Dec-94,-54.61988889,158.861,Macquarie Island,Station electricity usage,52882,,kWh,,
Jan-95,-67.60269444,62.87380556,Mawson,Station electricity usage,177596,,kWh,,
Jan-95,-68.57661111,77.96738889,Davis,Station electricity usage,165939,,kWh,,
Jan-95,-66.28180556,110.5276111,Casey,Station electricity usage,129790,,kWh,,
Jan-95,-54.61988889,158.861,Macquarie Island,Station electricity usage,46757,,kWh,,
Feb-95,-67.60269444,62.87380556,Mawson,Station electricity usage,161417,,kWh,,
Feb-95,-68.57661111,77.96738889,Davis,Station electricity usage,170122,,kWh,,
Feb-95,-66.28180556,110.5276111,Casey,Station electricity usage,117325,,kWh,,
Feb-95,-54.61988889,158.861,Macquarie Island,Station electricity usage,42432,,kWh,,
Mar-95,-67.60269444,62.87380556,Mawson,Station electricity usage,210419,,kWh,,
Mar-95,-68.57661111,77.96738889,Davis,Station electricity usage,188279,,kWh,,
Mar-95,-66.28180556,110.5276111,Casey,Station electricity usage,142194,,kWh,,
Mar-95,-54.61988889,158.861,Macquarie Island,Station electricity usage,49307,,kWh,,
Apr-95,-67.60269444,62.87380556,Mawson,Station electricity usage,194366,,kWh,,
Apr-95,-68.57661111,77.96738889,Davis,Station electricity usage,160483,,kWh,,
Apr-95,-66.28180556,110.5276111,Casey,Station electricity usage,148442,,kWh,,
Apr-95,-54.61988889,158.861,Macquarie Island,Station electricity usage,48737,,kWh,,
May-95,-67.60269444,62.87380556,Mawson,Station electricity usage,217484,,kWh,,
May-95,-68.57661111,77.96738889,Davis,Station electricity usage,164612,,kWh,,
May-95,-66.28180556,110.5276111,Casey,Station electricity usage,150110,,kWh,,
May-95,-54.61988889,158.861,Macquarie Island,Station electricity usage,49990,,kWh,,
Jun-95,-67.60269444,62.87380556,Mawson,Station electricity usage,214907,,kWh,,
Jun-95,-68.57661111,77.96738889,Davis,Station electricity usage,165821,,kWh,,
Jun-95,-66.28180556,110.5276111,Casey,Station electricity usage,139898,,kWh,,
Jun-95,-54.61988889,158.861,Macquarie Island,Station electricity usage,49161,,kWh,,
Jul-95,-67.60269444,62.87380556,Mawson,Station electricity usage,202772,,kWh,,
Jul-95,-68.57661111,77.96738889,Davis,Station electricity usage,160169,,kWh,,
Jul-95,-66.28180556,110.5276111,Casey,Station electricity usage,153936,,kWh,,
Jul-95,-54.61988889,158.861,Macquarie Island,Station electricity usage,50901,,kWh,,
Aug-95,-67.60269444,62.87380556,Mawson,Station electricity usage,223804,,kWh,,
Aug-95,-68.57661111,77.96738889,Davis,Station electricity usage,168199,,kWh,,
Aug-95,-66.28180556,110.5276111,Casey,Station electricity usage,136600,,kWh,,
Aug-95,-54.61988889,158.861,Macquarie Island,Station electricity usage,48860,,kWh,,
Sep-95,-67.60269444,62.87380556,Mawson,Station electricity usage,207154,,kWh,,
Sep-95,-68.57661111,77.96738889,Davis,Station electricity usage,154575,,kWh,,
Sep-95,-66.28180556,110.5276111,Casey,Station electricity usage,129720,,kWh,,
Sep-95,-54.61988889,158.861,Macquarie Island,Station electricity usage,49355,,kWh,,
Oct-95,-67.60269444,62.87380556,Mawson,Station electricity usage,201505,,kWh,,
Oct-95,-68.57661111,77.96738889,Davis,Station electricity usage,178379,,kWh,,
Oct-95,-66.28180556,110.5276111,Casey,Station electricity usage,132513,,kWh,,
Oct-95,-54.61988889,158.861,Macquarie Island,Station electricity usage,53018,,kWh,,
Nov-95,-67.60269444,62.87380556,Mawson,Station electricity usage,178051,,kWh,,
Nov-95,-68.57661111,77.96738889,Davis,Station electricity usage,169054,,kWh,,
Nov-95,-66.28180556,110.5276111,Casey,Station electricity usage,127097,,kWh,,
Nov-95,-54.61988889,158.861,Macquarie Island,Station electricity usage,52037,,kWh,,
Dec-95,-67.60269444,62.87380556,Mawson,Station electricity usage,174160,,kWh,,
Dec-95,-68.57661111,77.96738889,Davis,Station electricity usage,170467,,kWh,,
Dec-95,-66.28180556,110.5276111,Casey,Station electricity usage,127610,,kWh,,
Dec-95,-54.61988889,158.861,Macquarie Island,Station electricity usage,53038,,kWh,,
Jan-96,-67.60269444,62.87380556,Mawson,Station electricity usage,162977,,kWh,,
Jan-96,-68.57661111,77.96738889,Davis,Station electricity usage,169078,,kWh,,
Jan-96,-66.28180556,110.5276111,Casey,Station electricity usage,128296,,kWh,,
Jan-96,-54.61988889,158.861,Macquarie Island,Station electricity usage,49192,,kWh,,
Feb-96,-67.60269444,62.87380556,Mawson,Station electricity usage,159970,,kWh,,
Feb-96,-68.57661111,77.96738889,Davis,Station electricity usage,169306,,kWh,,
Feb-96,-66.28180556,110.5276111,Casey,Station electricity usage,134077,,kWh,,
Feb-96,-54.61988889,158.861,Macquarie Island,Station electricity usage,49479,,kWh,,
Mar-96,-67.60269444,62.87380556,Mawson,Station electricity usage,196460,,kWh,,
Mar-96,-68.57661111,77.96738889,Davis,Station electricity usage,196665,,kWh,,
Mar-96,-66.28180556,110.5276111,Casey,Station electricity usage,151140,,kWh,,
Mar-96,-54.61988889,158.861,Macquarie Island,Station electricity usage,54662,,kWh,,
Apr-96,-67.60269444,62.87380556,Mawson,Station electricity usage,188630,,kWh,,
Apr-96,-68.57661111,77.96738889,Davis,Station electricity usage,183969,,kWh,,
Apr-96,-66.28180556,110.5276111,Casey,Station electricity usage,142410,,kWh,,
Apr-96,-54.61988889,158.861,Macquarie Island,Station electricity usage,55536,,kWh,,
May-96,-67.60269444,62.87380556,Mawson,Station electricity usage,214241,,kWh,,
May-96,-68.57661111,77.96738889,Davis,Station electricity usage,175092,,kWh,,
May-96,-66.28180556,110.5276111,Casey,Station electricity usage,142069,,kWh,,
May-96,-54.61988889,158.861,Macquarie Island,Station electricity usage,58180,,kWh,,
Jun-96,-67.60269444,62.87380556,Mawson,Station electricity usage,194263,,kWh,,
Jun-96,-68.57661111,77.96738889,Davis,Station electricity usage,165542,,kWh,,
Jun-96,-66.28180556,110.5276111,Casey,Station electricity usage,138172,,kWh,,
Jun-96,-54.61988889,158.861,Macquarie Island,Station electricity usage,57641,,kWh,,
Jul-96,-67.60269444,62.87380556,Mawson,Station electricity usage,203673,,kWh,,
Jul-96,-68.57661111,77.96738889,Davis,Station electricity usage,176510,,kWh,,
Jul-96,-66.28180556,110.5276111,Casey,Station electricity usage,137327,,kWh,,
Jul-96,-54.61988889,158.861,Macquarie Island,Station electricity usage,57824,,kWh,,
Aug-96,-67.60269444,62.87380556,Mawson,Station electricity usage,197839,,kWh,,
Aug-96,-68.57661111,77.96738889,Davis,Station electricity usage,171525,,kWh,,
Aug-96,-66.28180556,110.5276111,Casey,Station electricity usage,140993,,kWh,,
Aug-96,-54.61988889,158.861,Macquarie Island,Station electricity usage,57689,,kWh,,
Sep-96,-67.60269444,62.87380556,Mawson,Station electricity usage,189485,,kWh,,
Sep-96,-68.57661111,77.96738889,Davis,Station electricity usage,163835,,kWh,,
Sep-96,-66.28180556,110.5276111,Casey,Station electricity usage,131585,,kWh,,
Sep-96,-54.61988889,158.861,Macquarie Island,Station electricity usage,54164,,kWh,,
Oct-96,-67.60269444,62.87380556,Mawson,Station electricity usage,190873,,kWh,,
Oct-96,-68.57661111,77.96738889,Davis,Station electricity usage,175812,,kWh,,
Oct-96,-66.28180556,110.5276111,Casey,Station electricity usage,153952,,kWh,,
Oct-96,-54.61988889,158.861,Macquarie Island,Station electricity usage,61855,,kWh,,
Nov-96,-67.60269444,62.87380556,Mawson,Station electricity usage,169907,,kWh,,
Nov-96,-68.57661111,77.96738889,Davis,Station electricity usage,170468,,kWh,,
Nov-96,-66.28180556,110.5276111,Casey,Station electricity usage,134396,,kWh,,
Nov-96,-54.61988889,158.861,Macquarie Island,Station electricity usage,55196,,kWh,,
Dec-96,-67.60269444,62.87380556,Mawson,Station electricity usage,163608,,kWh,,
Dec-96,-68.57661111,77.96738889,Davis,Station electricity usage,174981,,kWh,,
Dec-96,-66.28180556,110.5276111,Casey,Station electricity usage,128954,,kWh,,
Dec-96,-54.61988889,158.861,Macquarie Island,Station electricity usage,49609,,kWh,,
Jan-97,-67.60269444,62.87380556,Mawson,Station electricity usage,167591,,kWh,,
Jan-97,-68.57661111,77.96738889,Davis,Station electricity usage,168598,,kWh,,
Jan-97,-66.28180556,110.5276111,Casey,Station electricity usage,123923,,kWh,,
Jan-97,-54.61988889,158.861,Macquarie Island,Station electricity usage,47433,,kWh,,
Feb-97,-67.60269444,62.87380556,Mawson,Station electricity usage,152336,,kWh,,
Feb-97,-68.57661111,77.96738889,Davis,Station electricity usage,155676,,kWh,,
Feb-97,-66.28180556,110.5276111,Casey,Station electricity usage,115590,,kWh,,
Feb-97,-54.61988889,158.861,Macquarie Island,Station electricity usage,46346,,kWh,,
Mar-97,-67.60269444,62.87380556,Mawson,Station electricity usage,183457,,kWh,,
Mar-97,-68.57661111,77.96738889,Davis,Station electricity usage,169159,,kWh,,
Mar-97,-66.28180556,110.5276111,Casey,Station electricity usage,147008,,kWh,,
Mar-97,-54.61988889,158.861,Macquarie Island,Station electricity usage,54684,,kWh,,
Apr-97,-67.60269444,62.87380556,Mawson,Station electricity usage,199936,,kWh,,
Apr-97,-68.57661111,77.96738889,Davis,Station electricity usage,160110,,kWh,,
Apr-97,-66.28180556,110.5276111,Casey,Station electricity usage,150149,,kWh,,
Apr-97,-54.61988889,158.861,Macquarie Island,Station electricity usage,53663,,kWh,,
May-97,-67.60269444,62.87380556,Mawson,Station electricity usage,215160,,kWh,,
May-97,-68.57661111,77.96738889,Davis,Station electricity usage,180731,,kWh,,
May-97,-66.28180556,110.5276111,Casey,Station electricity usage,158582,,kWh,,
May-97,-54.61988889,158.861,Macquarie Island,Station electricity usage,58368,,kWh,,
Jun-97,-67.60269444,62.87380556,Mawson,Station electricity usage,201084,,kWh,,
Jun-97,-68.57661111,77.96738889,Davis,Station electricity usage,164711,,kWh,,
Jun-97,-66.28180556,110.5276111,Casey,Station electricity usage,149620,,kWh,,
Jun-97,-54.61988889,158.861,Macquarie Island,Station electricity usage,59198,,kWh,,
Jul-97,-67.60269444,62.87380556,Mawson,Station electricity usage,207035,,kWh,,
Jul-97,-68.57661111,77.96738889,Davis,Station electricity usage,173148,,kWh,,
Jul-97,-66.28180556,110.5276111,Casey,Station electricity usage,165140,,kWh,,
Jul-97,-54.61988889,158.861,Macquarie Island,Station electricity usage,64079,,kWh,,
Aug-97,-67.60269444,62.87380556,Mawson,Station electricity usage,208333,,kWh,,
Aug-97,-68.57661111,77.96738889,Davis,Station electricity usage,175951,,kWh,,
Aug-97,-66.28180556,110.5276111,Casey,Station electricity usage,162414,,kWh,,
Aug-97,-54.61988889,158.861,Macquarie Island,Station electricity usage,66870,,kWh,,
Sep-97,-67.60269444,62.87380556,Mawson,Station electricity usage,193992,,kWh,,
Sep-97,-68.57661111,77.96738889,Davis,Station electricity usage,165511,,kWh,,
Sep-97,-66.28180556,110.5276111,Casey,Station electricity usage,164216,,kWh,,
Sep-97,-54.61988889,158.861,Macquarie Island,Station electricity usage,63649,,kWh,,
Oct-97,-67.60269444,62.87380556,Mawson,Station electricity usage,186592,,kWh,,
Oct-97,-68.57661111,77.96738889,Davis,Station electricity usage,170323,,kWh,,
Oct-97,-66.28180556,110.5276111,Casey,Station electricity usage,160486,,kWh,,
Oct-97,-54.61988889,158.861,Macquarie Island,Station electricity usage,59681,,kWh,,
Nov-97,-67.60269444,62.87380556,Mawson,Station electricity usage,157472,,kWh,,
Nov-97,-68.57661111,77.96738889,Davis,Station electricity usage,161232,,kWh,,
Nov-97,-66.28180556,110.5276111,Casey,Station electricity usage,147748,,kWh,,
Nov-97,-54.61988889,158.861,Macquarie Island,Station electricity usage,56513,,kWh,,
Dec-97,-67.60269444,62.87380556,Mawson,Station electricity usage,159765,,kWh,,
Dec-97,-68.57661111,77.96738889,Davis,Station electricity usage,158915,,kWh,,
Dec-97,-66.28180556,110.5276111,Casey,Station electricity usage,152558,,kWh,,
Dec-97,-54.61988889,158.861,Macquarie Island,Station electricity usage,50808,,kWh,,
Jan-98,-67.60269444,62.87380556,Mawson,Station electricity usage,155902,,kWh,,
Jan-98,-68.57661111,77.96738889,Davis,Station electricity usage,161671,,kWh,,
Jan-98,-66.28180556,110.5276111,Casey,Station electricity usage,138409,,kWh,,
Jan-98,-54.61988889,158.861,Macquarie Island,Station electricity usage,48127,,kWh,,
Feb-98,-67.60269444,62.87380556,Mawson,Station electricity usage,145384,,kWh,,
Feb-98,-68.57661111,77.96738889,Davis,Station electricity usage,142844,,kWh,,
Feb-98,-66.28180556,110.5276111,Casey,Station electricity usage,128929,,kWh,,
Feb-98,-54.61988889,158.861,Macquarie Island,Station electricity usage,40200,,kWh,,
Mar-98,-67.60269444,62.87380556,Mawson,Station electricity usage,172450,,kWh,,
Mar-98,-68.57661111,77.96738889,Davis,Station electricity usage,161996,,kWh,,
Mar-98,-66.28180556,110.5276111,Casey,Station electricity usage,151661,,kWh,,
Mar-98,-54.61988889,158.861,Macquarie Island,Station electricity usage,49261,,kWh,,
Apr-98,-67.60269444,62.87380556,Mawson,Station electricity usage,181250,,kWh,,
Apr-98,-68.57661111,77.96738889,Davis,Station electricity usage,166635,,kWh,,
Apr-98,-66.28180556,110.5276111,Casey,Station electricity usage,159677,,kWh,,
Apr-98,-54.61988889,158.861,Macquarie Island,Station electricity usage,51153,,kWh,,
May-98,-67.60269444,62.87380556,Mawson,Station electricity usage,182061,,kWh,,
May-98,-68.57661111,77.96738889,Davis,Station electricity usage,157209,,kWh,,
May-98,-66.28180556,110.5276111,Casey,Station electricity usage,157439,,kWh,,
May-98,-54.61988889,158.861,Macquarie Island,Station electricity usage,52100,,kWh,,
Jun-98,-67.60269444,62.87380556,Mawson,Station electricity usage,173775,,kWh,,
Jun-98,-68.57661111,77.96738889,Davis,Station electricity usage,151021,,kWh,,
Jun-98,-66.28180556,110.5276111,Casey,Station electricity usage,154024,,kWh,,
Jun-98,-54.61988889,158.861,Macquarie Island,Station electricity usage,48540,,kWh,,
Jul-98,-67.60269444,62.87380556,Mawson,Station electricity usage,187368,,kWh,,
Jul-98,-68.57661111,77.96738889,Davis,Station electricity usage,160174,,kWh,,
Jul-98,-66.28180556,110.5276111,Casey,Station electricity usage,161875,,kWh,,
Jul-98,-54.61988889,158.861,Macquarie Island,Station electricity usage,54070,,kWh,,
Aug-98,-67.60269444,62.87380556,Mawson,Station electricity usage,182492,,kWh,,
Aug-98,-68.57661111,77.96738889,Davis,Station electricity usage,151708,,kWh,,
Aug-98,-66.28180556,110.5276111,Casey,Station electricity usage,154810,,kWh,,
Aug-98,-54.61988889,158.861,Macquarie Island,Station electricity usage,51671,,kWh,,
Sep-98,-67.60269444,62.87380556,Mawson,Station electricity usage,170778,,kWh,,
Sep-98,-68.57661111,77.96738889,Davis,Station electricity usage,154820,,kWh,,
Sep-98,-66.28180556,110.5276111,Casey,Station electricity usage,145677,,kWh,,
Sep-98,-54.61988889,158.861,Macquarie Island,Station electricity usage,52850,,kWh,,
Oct-98,-67.60269444,62.87380556,Mawson,Station electricity usage,169310,,kWh,,
Oct-98,-68.57661111,77.96738889,Davis,Station electricity usage,166361,,kWh,,
Oct-98,-66.28180556,110.5276111,Casey,Station electricity usage,148756,,kWh,,
Oct-98,-54.61988889,158.861,Macquarie Island,Station electricity usage,50500,,kWh,,
Nov-98,-67.60269444,62.87380556,Mawson,Station electricity usage,151369,,kWh,,
Nov-98,-68.57661111,77.96738889,Davis,Station electricity usage,153197,,kWh,,
Nov-98,-66.28180556,110.5276111,Casey,Station electricity usage,146533,,kWh,,
Nov-98,-54.61988889,158.861,Macquarie Island,Station electricity usage,49760,,kWh,,
Dec-98,-67.60269444,62.87380556,Mawson,Station electricity usage,139480,,kWh,,
Dec-98,-68.57661111,77.96738889,Davis,Station electricity usage,149792,,kWh,,
Dec-98,-66.28180556,110.5276111,Casey,Station electricity usage,155226,,kWh,,
Dec-98,-54.61988889,158.861,Macquarie Island,Station electricity usage,45213,,kWh,,
Jan-99,-67.60269444,62.87380556,Mawson,Station electricity usage,145482,,kWh,,
Jan-99,-68.57661111,77.96738889,Davis,Station electricity usage,157717,,kWh,,
Jan-99,-66.28180556,110.5276111,Casey,Station electricity usage,153312,,kWh,,
Jan-99,-54.61988889,158.861,Macquarie Island,Station electricity usage,46903,,kWh,,
Feb-99,-67.60269444,62.87380556,Mawson,Station electricity usage,139031,,kWh,,
Feb-99,-68.57661111,77.96738889,Davis,Station electricity usage,142865,,kWh,,
Feb-99,-66.28180556,110.5276111,Casey,Station electricity usage,138596,,kWh,,
Feb-99,-54.61988889,158.861,Macquarie Island,Station electricity usage,41910,,kWh,,
Mar-99,-67.60269444,62.87380556,Mawson,Station electricity usage,166170,,kWh,,
Mar-99,-68.57661111,77.96738889,Davis,Station electricity usage,173626,,kWh,,
Mar-99,-66.28180556,110.5276111,Casey,Station electricity usage,152967,,kWh,,
Mar-99,-54.61988889,158.861,Macquarie Island,Station electricity usage,50510,,kWh,,
Apr-99,-67.60269444,62.87380556,Mawson,Station electricity usage,168087,,kWh,,
Apr-99,-68.57661111,77.96738889,Davis,Station electricity usage,157504,,kWh,,
Apr-99,-66.28180556,110.5276111,Casey,Station electricity usage,137614,,kWh,,
Apr-99,-54.61988889,158.861,Macquarie Island,Station electricity usage,56550,,kWh,,
May-99,-67.60269444,62.87380556,Mawson,Station electricity usage,177535,,kWh,,
May-99,-68.57661111,77.96738889,Davis,Station electricity usage,155780,,kWh,,
May-99,-66.28180556,110.5276111,Casey,Station electricity usage,125574,,kWh,,
May-99,-54.61988889,158.861,Macquarie Island,Station electricity usage,54250,,kWh,,
Jun-99,-67.60269444,62.87380556,Mawson,Station electricity usage,168768,,kWh,,
Jun-99,-68.57661111,77.96738889,Davis,Station electricity usage,146492,,kWh,,
Jun-99,-66.28180556,110.5276111,Casey,Station electricity usage,120712,,kWh,,
Jun-99,-54.61988889,158.861,Macquarie Island,Station electricity usage,54460,,kWh,,
Jul-99,-67.60269444,62.87380556,Mawson,Station electricity usage,178194,,kWh,,
Jul-99,-68.57661111,77.96738889,Davis,Station electricity usage,156995,,kWh,,
Jul-99,-66.28180556,110.5276111,Casey,Station electricity usage,127625,,kWh,,
Jul-99,-54.61988889,158.861,Macquarie Island,Station electricity usage,56450,,kWh,,
Aug-99,-67.60269444,62.87380556,Mawson,Station electricity usage,181487,,kWh,,
Aug-99,-68.57661111,77.96738889,Davis,Station electricity usage,146992,,kWh,,
Aug-99,-66.28180556,110.5276111,Casey,Station electricity usage,125844,,kWh,,
Aug-99,-54.61988889,158.861,Macquarie Island,Station electricity usage,56940,,kWh,,
Sep-99,-67.60269444,62.87380556,Mawson,Station electricity usage,168518,,kWh,,
Sep-99,-68.57661111,77.96738889,Davis,Station electricity usage,148530,,kWh,,
Sep-99,-66.28180556,110.5276111,Casey,Station electricity usage,122767,,kWh,,
Sep-99,-54.61988889,158.861,Macquarie Island,Station electricity usage,54380,,kWh,,
Oct-99,-67.60269444,62.87380556,Mawson,Station electricity usage,170277,,kWh,,
Oct-99,-68.57661111,77.96738889,Davis,Station electricity usage,150554,,kWh,,
Oct-99,-66.28180556,110.5276111,Casey,Station electricity usage,122350,,kWh,,
Oct-99,-54.61988889,158.861,Macquarie Island,Station electricity usage,55840,,kWh,,
Nov-99,-67.60269444,62.87380556,Mawson,Station electricity usage,150153,,kWh,,
Nov-99,-68.57661111,77.96738889,Davis,Station electricity usage,150508,,kWh,,
Nov-99,-66.28180556,110.5276111,Casey,Station electricity usage,127356,,kWh,,
Nov-99,-54.61988889,158.861,Macquarie Island,Station electricity usage,53490,,kWh,,
Dec-99,-67.60269444,62.87380556,Mawson,Station electricity usage,148585,,kWh,,
Dec-99,-68.57661111,77.96738889,Davis,Station electricity usage,152274,,kWh,,
Dec-99,-66.28180556,110.5276111,Casey,Station electricity usage,142167,,kWh,,
Dec-99,-54.61988889,158.861,Macquarie Island,Station electricity usage,54367,,kWh,,
Jan-00,-67.60269444,62.87380556,Mawson,Station electricity usage,144130,,kWh,,
Jan-00,-68.57661111,77.96738889,Davis,Station electricity usage,164607,,kWh,,
Jan-00,-66.28180556,110.5276111,Casey,Station electricity usage,184826,,kWh,,
Jan-00,-54.61988889,158.861,Macquarie Island,Station electricity usage,54880,,kWh,,
Feb-00,-67.60269444,62.87380556,Mawson,Station electricity usage,140929,,kWh,,
Feb-00,-68.57661111,77.96738889,Davis,Station electricity usage,148411,,kWh,,
Feb-00,-66.28180556,110.5276111,Casey,Station electricity usage,153592,,kWh,,
Feb-00,-54.61988889,158.861,Macquarie Island,Station electricity usage,47555,,kWh,,
Mar-00,-67.60269444,62.87380556,Mawson,Station electricity usage,162454,,kWh,,
Mar-00,-68.57661111,77.96738889,Davis,Station electricity usage,166194,,kWh,,
Mar-00,-66.28180556,110.5276111,Casey,Station electricity usage,160332,,kWh,,
Mar-00,-54.61988889,158.861,Macquarie Island,Station electricity usage,53138,,kWh,,
Apr-00,-67.60269444,62.87380556,Mawson,Station electricity usage,159625,,kWh,,
Apr-00,-68.57661111,77.96738889,Davis,Station electricity usage,159410,,kWh,,
Apr-00,-66.28180556,110.5276111,Casey,Station electricity usage,149156,,kWh,,
Apr-00,-54.61988889,158.861,Macquarie Island,Station electricity usage,51771,,kWh,,
May-00,-67.60269444,62.87380556,Mawson,Station electricity usage,176085,,kWh,,
May-00,-68.57661111,77.96738889,Davis,Station electricity usage,164295,,kWh,,
May-00,-66.28180556,110.5276111,Casey,Station electricity usage,158158,,kWh,,
May-00,-54.61988889,158.861,Macquarie Island,Station electricity usage,57070,,kWh,,
Jun-00,-67.60269444,62.87380556,Mawson,Station electricity usage,167688,,kWh,,
Jun-00,-68.57661111,77.96738889,Davis,Station electricity usage,156744,,kWh,,
Jun-00,-66.28180556,110.5276111,Casey,Station electricity usage,154717,,kWh,,
Jun-00,-54.61988889,158.861,Macquarie Island,Station electricity usage,54144,,kWh,,
Jul-00,-67.60269444,62.87380556,Mawson,Station electricity usage,184341,,kWh,,
Jul-00,-68.57661111,77.96738889,Davis,Station electricity usage,163541,,kWh,,
Jul-00,-66.28180556,110.5276111,Casey,Station electricity usage,157839,,kWh,,
Jul-00,-54.61988889,158.861,Macquarie Island,Station electricity usage,55598,,kWh,,
Aug-00,-67.60269444,62.87380556,Mawson,Station electricity usage,181852,,kWh,,
Aug-00,-68.57661111,77.96738889,Davis,Station electricity usage,163416,,kWh,,
Aug-00,-66.28180556,110.5276111,Casey,Station electricity usage,153763,,kWh,,
Aug-00,-54.61988889,158.861,Macquarie Island,Station electricity usage,56977,,kWh,,
Sep-00,-67.60269444,62.87380556,Mawson,Station electricity usage,169718,,kWh,,
Sep-00,-68.57661111,77.96738889,Davis,Station electricity usage,151329,,kWh,,
Sep-00,-66.28180556,110.5276111,Casey,Station electricity usage,138559,,kWh,,
Sep-00,-54.61988889,158.861,Macquarie Island,Station electricity usage,50527,,kWh,,
Oct-00,-67.60269444,62.87380556,Mawson,Station electricity usage,173193,,kWh,,
Oct-00,-68.57661111,77.96738889,Davis,Station electricity usage,170100,,kWh,,
Oct-00,-66.28180556,110.5276111,Casey,Station electricity usage,141317,,kWh,,
Oct-00,-54.61988889,158.861,Macquarie Island,Station electricity usage,51318,,kWh,,
Nov-00,-67.60269444,62.87380556,Mawson,Station electricity usage,154350,,kWh,,
Nov-00,-68.57661111,77.96738889,Davis,Station electricity usage,162980,,kWh,,
Nov-00,-66.28180556,110.5276111,Casey,Station electricity usage,138810,,kWh,,
Nov-00,-54.61988889,158.861,Macquarie Island,Station electricity usage,51514,,kWh,,
Dec-00,-67.60269444,62.87380556,Mawson,Station electricity usage,141504,,kWh,,
Dec-00,-68.57661111,77.96738889,Davis,Station electricity usage,162260,,kWh,,
Dec-00,-66.28180556,110.5276111,Casey,Station electricity usage,145332,,kWh,,
Dec-00,-54.61988889,158.861,Macquarie Island,Station electricity usage,50145,,kWh,,
Jan-01,-67.60269444,62.87380556,Mawson,Station electricity usage,123114,,kWh,,
Jan-01,-68.57661111,77.96738889,Davis,Station electricity usage,163697,,kWh,,
Jan-01,-66.28180556,110.5276111,Casey,Station electricity usage,148352,,kWh,,
Jan-01,-54.61988889,158.861,Macquarie Island,Station electricity usage,49836,,kWh,,
Feb-01,-67.60269444,62.87380556,Mawson,Station electricity usage,132070,,kWh,,
Feb-01,-68.57661111,77.96738889,Davis,Station electricity usage,159492,,kWh,,
Feb-01,-66.28180556,110.5276111,Casey,Station electricity usage,133078,,kWh,,
Feb-01,-54.61988889,158.861,Macquarie Island,Station electricity usage,46508,,kWh,,
Mar-01,-67.60269444,62.87380556,Mawson,Station electricity usage,154953,,kWh,,
Mar-01,-68.57661111,77.96738889,Davis,Station electricity usage,162479,,kWh,,
Mar-01,-66.28180556,110.5276111,Casey,Station electricity usage,149948,,kWh,,
Mar-01,-54.61988889,158.861,Macquarie Island,Station electricity usage,50312,,kWh,,
Apr-01,-67.60269444,62.87380556,Mawson,Station electricity usage,158364,,kWh,,
Apr-01,-68.57661111,77.96738889,Davis,Station electricity usage,161927,,kWh,,
Apr-01,-66.28180556,110.5276111,Casey,Station electricity usage,141989,,kWh,,
Apr-01,-54.61988889,158.861,Macquarie Island,Station electricity usage,46453,,kWh,,
May-01,-67.60269444,62.87380556,Mawson,Station electricity usage,170945,,kWh,,
May-01,-68.57661111,77.96738889,Davis,Station electricity usage,166260,,kWh,,
May-01,-66.28180556,110.5276111,Casey,Station electricity usage,144318,,kWh,,
May-01,-54.61988889,158.861,Macquarie Island,Station electricity usage,51157,,kWh,,
Jun-01,-67.60269444,62.87380556,Mawson,Station electricity usage,172582,,kWh,,
Jun-01,-68.57661111,77.96738889,Davis,Station electricity usage,162161,,kWh,,
Jun-01,-66.28180556,110.5276111,Casey,Station electricity usage,140763,,kWh,,
Jun-01,-54.61988889,158.861,Macquarie Island,Station electricity usage,53001,,kWh,,
Jul-01,-67.60269444,62.87380556,Mawson,Station electricity usage,187104,,kWh,,
Jul-01,-68.57661111,77.96738889,Davis,Station electricity usage,164708,,kWh,,
Jul-01,-66.28180556,110.5276111,Casey,Station electricity usage,144389,,kWh,,
Jul-01,-54.61988889,158.861,Macquarie Island,Station electricity usage,55178,,kWh,,
Aug-01,-67.60269444,62.87380556,Mawson,Station electricity usage,193678,,kWh,,
Aug-01,-68.57661111,77.96738889,Davis,Station electricity usage,161707,,kWh,,
Aug-01,-66.28180556,110.5276111,Casey,Station electricity usage,141802,,kWh,,
Aug-01,-54.61988889,158.861,Macquarie Island,Station electricity usage,56642,,kWh,,
Sep-01,-67.60269444,62.87380556,Mawson,Station electricity usage,180675,,kWh,,
Sep-01,-68.57661111,77.96738889,Davis,Station electricity usage,148462,,kWh,,
Sep-01,-66.28180556,110.5276111,Casey,Station electricity usage,144038,,kWh,,
Sep-01,-54.61988889,158.861,Macquarie Island,Station electricity usage,51733,,kWh,,
Oct-01,-67.60269444,62.87380556,Mawson,Station electricity usage,168268,,kWh,,
Oct-01,-68.57661111,77.96738889,Davis,Station electricity usage,148292,,kWh,,
Oct-01,-66.28180556,110.5276111,Casey,Station electricity usage,154339,,kWh,,
Oct-01,-54.61988889,158.861,Macquarie Island,Station electricity usage,56940,,kWh,,
Nov-01,-67.60269444,62.87380556,Mawson,Station electricity usage,143897,,kWh,,
Nov-01,-68.57661111,77.96738889,Davis,Station electricity usage,148905,,kWh,,
Nov-01,-66.28180556,110.5276111,Casey,Station electricity usage,153912,,kWh,,
Nov-01,-54.61988889,158.861,Macquarie Island,Station electricity usage,54217,,kWh,,
Dec-01,-67.60269444,62.87380556,Mawson,Station electricity usage,136778,,kWh,,
Dec-01,-68.57661111,77.96738889,Davis,Station electricity usage,169993,,kWh,,
Dec-01,-66.28180556,110.5276111,Casey,Station electricity usage,150856,,kWh,,
Dec-01,-54.61988889,158.861,Macquarie Island,Station electricity usage,56355,,kWh,,
Jan-02,-67.60269444,62.87380556,Mawson,Station electricity usage,130650,,kWh,,
Jan-02,-68.57661111,77.96738889,Davis,Station electricity usage,159025,,kWh,,
Jan-02,-66.28180556,110.5276111,Casey,Station electricity usage,119070,,kWh,,
Jan-02,-54.61988889,158.861,Macquarie Island,Station electricity usage,48512,,kWh,,
Feb-02,-67.60269444,62.87380556,Mawson,Station electricity usage,133675,,kWh,,
Feb-02,-68.57661111,77.96738889,Davis,Station electricity usage,155334,,kWh,,
Feb-02,-66.28180556,110.5276111,Casey,Station electricity usage,115480,,kWh,,
Feb-02,-54.61988889,158.861,Macquarie Island,Station electricity usage,44029,,kWh,,
Mar-02,-67.60269444,62.87380556,Mawson,Station electricity usage,162329,,kWh,,
Mar-02,-68.57661111,77.96738889,Davis,Station electricity usage,149256,,kWh,,
Mar-02,-66.28180556,110.5276111,Casey,Station electricity usage,121103,,kWh,,
Mar-02,-54.61988889,158.861,Macquarie Island,Station electricity usage,52889,,kWh,,
Apr-02,-67.60269444,62.87380556,Mawson,Station electricity usage,160303,,kWh,,
Apr-02,-68.57661111,77.96738889,Davis,Station electricity usage,152255,,kWh,,
Apr-02,-66.28180556,110.5276111,Casey,Station electricity usage,156125,,kWh,,
Apr-02,-54.61988889,158.861,Macquarie Island,Station electricity usage,48665,,kWh,,
May-02,-67.60269444,62.87380556,Mawson,Station electricity usage,174011,,kWh,,
May-02,-68.57661111,77.96738889,Davis,Station electricity usage,157303,,kWh,,
May-02,-66.28180556,110.5276111,Casey,Station electricity usage,161058,,kWh,,
May-02,-54.61988889,158.861,Macquarie Island,Station electricity usage,51282,,kWh,,
Jun-02,-67.60269444,62.87380556,Mawson,Station electricity usage,178971,,kWh,,
Jun-02,-68.57661111,77.96738889,Davis,Station electricity usage,155579,,kWh,,
Jun-02,-66.28180556,110.5276111,Casey,Station electricity usage,125350,,kWh,,
Jun-02,-54.61988889,158.861,Macquarie Island,Station electricity usage,51003,,kWh,,
Jul-02,-67.60269444,62.87380556,Mawson,Station electricity usage,184323,,kWh,,
Jul-02,-68.57661111,77.96738889,Davis,Station electricity usage,164280,,kWh,,
Jul-02,-66.28180556,110.5276111,Casey,Station electricity usage,133178,,kWh,,
Jul-02,-54.61988889,158.861,Macquarie Island,Station electricity usage,50816,,kWh,,
Aug-02,-67.60269444,62.87380556,Mawson,Station electricity usage,183261,,kWh,,
Aug-02,-68.57661111,77.96738889,Davis,Station electricity usage,168511,,kWh,,
Aug-02,-66.28180556,110.5276111,Casey,Station electricity usage,129092,,kWh,,
Aug-02,-54.61988889,158.861,Macquarie Island,Station electricity usage,52227,,kWh,,
Sep-02,-67.60269444,62.87380556,Mawson,Station electricity usage,166869,,kWh,,
Sep-02,-68.57661111,77.96738889,Davis,Station electricity usage,157917,,kWh,,
Sep-02,-66.28180556,110.5276111,Casey,Station electricity usage,124006,,kWh,,
Sep-02,-54.61988889,158.861,Macquarie Island,Station electricity usage,50527,,kWh,,
Oct-02,-67.60269444,62.87380556,Mawson,Station electricity usage,173473,,kWh,,
Oct-02,-68.57661111,77.96738889,Davis,Station electricity usage,181155,,kWh,,
Oct-02,-66.28180556,110.5276111,Casey,Station electricity usage,130326,,kWh,,
Oct-02,-54.61988889,158.861,Macquarie Island,Station electricity usage,45719,,kWh,,
Nov-02,-67.60269444,62.87380556,Mawson,Station electricity usage,150241,,kWh,,
Nov-02,-68.57661111,77.96738889,Davis,Station electricity usage,166145,,kWh,,
Nov-02,-66.28180556,110.5276111,Casey,Station electricity usage,149028,,kWh,,
Nov-02,-54.61988889,158.861,Macquarie Island,Station electricity usage,41814,,kWh,,
Dec-02,-67.60269444,62.87380556,Mawson,Station electricity usage,138513,,kWh,,
Dec-02,-68.57661111,77.96738889,Davis,Station electricity usage,170655,,kWh,,
Dec-02,-66.28180556,110.5276111,Casey,Station electricity usage,136477,,kWh,,
Dec-02,-54.61988889,158.861,Macquarie Island,Station electricity usage,42526,,kWh,,
Jan-03,-67.60269444,62.87380556,Mawson,Station electricity usage,127837,,kWh,,
Jan-03,-68.57661111,77.96738889,Davis,Station electricity usage,163592,,kWh,,
Jan-03,-66.28180556,110.5276111,Casey,Station electricity usage,134901,,kWh,,
Jan-03,-54.61988889,158.861,Macquarie Island,Station electricity usage,40916,,kWh,,
Feb-03,-67.60269444,62.87380556,Mawson,Station electricity usage,105360,,kWh,,
Feb-03,-68.57661111,77.96738889,Davis,Station electricity usage,145684,,kWh,,
Feb-03,-66.28180556,110.5276111,Casey,Station electricity usage,100776,,kWh,,
Feb-03,-54.61988889,158.861,Macquarie Island,Station electricity usage,37629,,kWh,,
Mar-03,-67.60269444,62.87380556,Mawson,Station electricity usage,100059,,kWh,,
Mar-03,-66.28180556,110.5276111,Casey,Station electricity usage,141000,,kWh,,
Mar-03,-54.61988889,158.861,Macquarie Island,Station electricity usage,45639,,kWh,,
Apr-03,-67.60269444,62.87380556,Mawson,Station electricity usage,118044,,kWh,,
Apr-03,-68.57661111,77.96738889,Davis,Station electricity usage,145026,,kWh,,
Apr-03,-66.28180556,110.5276111,Casey,Station electricity usage,133974,,kWh,,
Apr-03,-54.61988889,158.861,Macquarie Island,Station electricity usage,38957,,kWh,,
May-03,-67.60269444,62.87380556,Mawson,Station electricity usage,123355,,kWh,,
May-03,-68.57661111,77.96738889,Davis,Station electricity usage,159824,,kWh,,
May-03,-66.28180556,110.5276111,Casey,Station electricity usage,131676,,kWh,,
May-03,-54.61988889,158.861,Macquarie Island,Station electricity usage,57692,,kWh,,
Jun-03,-67.60269444,62.87380556,Mawson,Station electricity usage,120361,,kWh,,
Jun-03,-68.57661111,77.96738889,Davis,Station electricity usage,152332,,kWh,,
Jun-03,-66.28180556,110.5276111,Casey,Station electricity usage,130230.4,,kWh,,
Jun-03,-54.61988889,158.861,Macquarie Island,Station electricity usage,43903,,kWh,,
Jul-03,-67.60269444,62.87380556,Mawson,Station electricity usage,133075,,kWh,,
Jul-03,-68.57661111,77.96738889,Davis,Station electricity usage,161593,,kWh,,
Jul-03,-66.28180556,110.5276111,Casey,Station electricity usage,134701,,kWh,,
Jul-03,-54.61988889,158.861,Macquarie Island,Station electricity usage,46359,,kWh,,
Aug-03,-67.60269444,62.87380556,Mawson,Station electricity usage,147763,,kWh,,
Aug-03,-68.57661111,77.96738889,Davis,Station electricity usage,158634,,kWh,,
Aug-03,-66.28180556,110.5276111,Casey,Station electricity usage,133884,,kWh,,
Aug-03,-54.61988889,158.861,Macquarie Island,Station electricity usage,45836,,kWh,,
Sep-03,-67.60269444,62.87380556,Mawson,Station electricity usage,116381,,kWh,,
Sep-03,-68.57661111,77.96738889,Davis,Station electricity usage,146825,,kWh,,
Sep-03,-66.28180556,110.5276111,Casey,Station electricity usage,137566,,kWh,,
Sep-03,-54.61988889,158.861,Macquarie Island,Station electricity usage,44755,,kWh,,
Oct-03,-67.60269444,62.87380556,Mawson,Station electricity usage,96235,,kWh,,
Oct-03,-68.57661111,77.96738889,Davis,Station electricity usage,146748,,kWh,,
Oct-03,-66.28180556,110.5276111,Casey,Station electricity usage,150741,,kWh,,
Oct-03,-54.61988889,158.861,Macquarie Island,Station electricity usage,44775,,kWh,,
Nov-03,-67.60269444,62.87380556,Mawson,Station electricity usage,94190,,kWh,,
Nov-03,-68.57661111,77.96738889,Davis,Station electricity usage,147949,,kWh,,
Nov-03,-66.28180556,110.5276111,Casey,Station electricity usage,148940,,kWh,,
Nov-03,-54.61988889,158.861,Macquarie Island,Station electricity usage,37580,,kWh,,
Dec-03,-67.60269444,62.87380556,Mawson,Station electricity usage,93820,,kWh,,
Dec-03,-68.57661111,77.96738889,Davis,Station electricity usage,146250,,kWh,,
Dec-03,-66.28180556,110.5276111,Casey,Station electricity usage,149119,,kWh,,
Dec-03,-54.61988889,158.861,Macquarie Island,Station electricity usage,45550,,kWh,,
Jan-04,-67.60269444,62.87380556,Mawson,Station electricity usage,91029,,kWh,,
Jan-04,-68.57661111,77.96738889,Davis,Station electricity usage,136903,,kWh,,
Jan-04,-66.28180556,110.5276111,Casey,Station electricity usage,144890,,kWh,,
Jan-04,-54.61988889,158.861,Macquarie Island,Station electricity usage,33217,,kWh,,
Feb-04,-67.60269444,62.87380556,Mawson,Station electricity usage,102220,,kWh,,
Feb-04,-68.57661111,77.96738889,Davis,Station electricity usage,124892,,kWh,,
Feb-04,-66.28180556,110.5276111,Casey,Station electricity usage,143448,,kWh,,
Feb-04,-54.61988889,158.861,Macquarie Island,Station electricity usage,40329,,kWh,,
Mar-04,-67.60269444,62.87380556,Mawson,Station electricity usage,113472,,kWh,,
Mar-04,-68.57661111,77.96738889,Davis,Station electricity usage,146625,,kWh,,
Mar-04,-66.28180556,110.5276111,Casey,Station electricity usage,131109,,kWh,,
Mar-04,-54.61988889,158.861,Macquarie Island,Station electricity usage,44065,,kWh,,
Apr-04,-67.60269444,62.87380556,Mawson,Station electricity usage,115758,,kWh,,
Apr-04,-68.57661111,77.96738889,Davis,Station electricity usage,128402,,kWh,,
Apr-04,-66.28180556,110.5276111,Casey,Station electricity usage,134909,,kWh,,
Apr-04,-54.61988889,158.861,Macquarie Island,Station electricity usage,44156,,kWh,,
May-04,-67.60269444,62.87380556,Mawson,Station electricity usage,122069,,kWh,,
May-04,-68.57661111,77.96738889,Davis,Station electricity usage,148693,,kWh,,
May-04,-66.28180556,110.5276111,Casey,Station electricity usage,145267,,kWh,,
May-04,-54.61988889,158.861,Macquarie Island,Station electricity usage,49851,,kWh,,
Jun-04,-67.60269444,62.87380556,Mawson,Station electricity usage,153091,,kWh,,
Jun-04,-68.57661111,77.96738889,Davis,Station electricity usage,150469,,kWh,,
Jun-04,-66.28180556,110.5276111,Casey,Station electricity usage,154210,,kWh,,
Jun-04,-54.61988889,158.861,Macquarie Island,Station electricity usage,48725,,kWh,,
Jul-04,-67.60269444,62.87380556,Mawson,Station electricity usage,142933,,kWh,,
Jul-04,-68.57661111,77.96738889,Davis,Station electricity usage,160964,,kWh,,
Jul-04,-66.28180556,110.5276111,Casey,Station electricity usage,166867,,kWh,,
Jul-04,-54.61988889,158.861,Macquarie Island,Station electricity usage,51315,,kWh,,
Aug-04,-67.60269444,62.87380556,Mawson,Station electricity usage,105667,,kWh,,
Aug-04,-68.57661111,77.96738889,Davis,Station electricity usage,152624,,kWh,,
Aug-04,-66.28180556,110.5276111,Casey,Station electricity usage,144951,,kWh,,
Sep-04,-67.60269444,62.87380556,Mawson,Station electricity usage,97196,,kWh,,
Sep-04,-68.57661111,77.96738889,Davis,Station electricity usage,155065,,kWh,,
Sep-04,-66.28180556,110.5276111,Casey,Station electricity usage,140488,,kWh,,
Oct-04,-67.60269444,62.87380556,Mawson,Station electricity usage,83344,,kWh,,
Oct-04,-68.57661111,77.96738889,Davis,Station electricity usage,150042,,kWh,,
Oct-04,-66.28180556,110.5276111,Casey,Station electricity usage,138387,,kWh,,
Oct-04,-54.61988889,158.861,Macquarie Island,Station electricity usage,48250,,kWh,,
Nov-04,-67.60269444,62.87380556,Mawson,Station electricity usage,95471,,kWh,,
Nov-04,-68.57661111,77.96738889,Davis,Station electricity usage,147844,,kWh,,
Nov-04,-66.28180556,110.5276111,Casey,Station electricity usage,143842,,kWh,,
Nov-04,-54.61988889,158.861,Macquarie Island,Station electricity usage,43979,,kWh,,
Dec-04,-67.60269444,62.87380556,Mawson,Station electricity usage,80256,,kWh,,
Dec-04,-68.57661111,77.96738889,Davis,Station electricity usage,137610,,kWh,,
Dec-04,-66.28180556,110.5276111,Casey,Station electricity usage,131204,,kWh,,
Dec-04,-54.61988889,158.861,Macquarie Island,Station electricity usage,43156,,kWh,,
Jan-05,-67.60269444,62.87380556,Mawson,Station electricity usage,99268,,kWh,,
Jan-05,-68.57661111,77.96738889,Davis,Station electricity usage,130713,,kWh,,
Jan-05,-66.28180556,110.5276111,Casey,Station electricity usage,130983,,kWh,,
Jan-05,-54.61988889,158.861,Macquarie Island,Station electricity usage,41664,,kWh,,
Feb-05,-67.60269444,62.87380556,Mawson,Station electricity usage,92643,,kWh,,
Feb-05,-68.57661111,77.96738889,Davis,Station electricity usage,137183,,kWh,,
Feb-05,-66.28180556,110.5276111,Casey,Station electricity usage,116525,,kWh,,
Feb-05,-54.61988889,158.861,Macquarie Island,Station electricity usage,37811,,kWh,,
Mar-05,-67.60269444,62.87380556,Mawson,Station electricity usage,97165,,kWh,,
Mar-05,-68.57661111,77.96738889,Davis,Station electricity usage,141484,,kWh,,
Mar-05,-66.28180556,110.5276111,Casey,Station electricity usage,131629,,kWh,,
Mar-05,-54.61988889,158.861,Macquarie Island,Station electricity usage,47754,,kWh,,
Apr-05,-67.60269444,62.87380556,Mawson,Station electricity usage,106833,,kWh,,
Apr-05,-68.57661111,77.96738889,Davis,Station electricity usage,143376,,kWh,,
Apr-05,-66.28180556,110.5276111,Casey,Station electricity usage,127278,,kWh,,
Apr-05,-54.61988889,158.861,Macquarie Island,Station electricity usage,45818,,kWh,,
May-05,-67.60269444,62.87380556,Mawson,Station electricity usage,122499,,kWh,,
May-05,-68.57661111,77.96738889,Davis,Station electricity usage,154849,,kWh,,
May-05,-66.28180556,110.5276111,Casey,Station electricity usage,133537,,kWh,,
May-05,-54.61988889,158.861,Macquarie Island,Station electricity usage,48843,,kWh,,
Jun-05,-67.60269444,62.87380556,Mawson,Station electricity usage,87737,,kWh,,
Jun-05,-68.57661111,77.96738889,Davis,Station electricity usage,149894,,kWh,,
Jun-05,-66.28180556,110.5276111,Casey,Station electricity usage,127706,,kWh,,
Jun-05,-54.61988889,158.861,Macquarie Island,Station electricity usage,47428,,kWh,,
Jul-05,-67.60269444,62.87380556,Mawson,Station electricity usage,138371,,kWh,,
Jul-05,-68.57661111,77.96738889,Davis,Station electricity usage,165102,,kWh,,
Jul-05,-66.28180556,110.5276111,Casey,Station electricity usage,135373,,kWh,,
Jul-05,-54.61988889,158.861,Macquarie Island,Station electricity usage,47522,,kWh,,
Aug-05,-67.60269444,62.87380556,Mawson,Station electricity usage,117023,,kWh,,
Aug-05,-68.57661111,77.96738889,Davis,Station electricity usage,162552,,kWh,,
Aug-05,-66.28180556,110.5276111,Casey,Station electricity usage,135063,,kWh,,
Aug-05,-54.61988889,158.861,Macquarie Island,Station electricity usage,48552,,kWh,,
Sep-05,-67.60269444,62.87380556,Mawson,Station electricity usage,104306,,kWh,,
Sep-05,-68.57661111,77.96738889,Davis,Station electricity usage,152103,,kWh,,
Sep-05,-66.28180556,110.5276111,Casey,Station electricity usage,126515,,kWh,,
Sep-05,-54.61988889,158.861,Macquarie Island,Station electricity usage,45248,,kWh,,
Oct-05,-67.60269444,62.87380556,Mawson,Station electricity usage,88546,,kWh,,
Oct-05,-68.57661111,77.96738889,Davis,Station electricity usage,155983,,kWh,,
Oct-05,-66.28180556,110.5276111,Casey,Station electricity usage,130955,,kWh,,
Oct-05,-54.61988889,158.861,Macquarie Island,Station electricity usage,41522,,kWh,,
Nov-05,-67.60269444,62.87380556,Mawson,Station electricity usage,71837,,kWh,,
Nov-05,-68.57661111,77.96738889,Davis,Station electricity usage,151138,,kWh,,
Nov-05,-66.28180556,110.5276111,Casey,Station electricity usage,130857,,kWh,,
Nov-05,-54.61988889,158.861,Macquarie Island,Station electricity usage,36311,,kWh,,
Dec-05,-67.60269444,62.87380556,Mawson,Station electricity usage,85529,,kWh,,
Dec-05,-68.57661111,77.96738889,Davis,Station electricity usage,144725,,kWh,,
Dec-05,-66.28180556,110.5276111,Casey,Station electricity usage,133298,,kWh,,
Dec-05,-54.61988889,158.861,Macquarie Island,Station electricity usage,33803,,kWh,,
Jan-06,-67.60269444,62.87380556,Mawson,Station electricity usage,101991,,kWh,,
Jan-06,-68.57661111,77.96738889,Davis,Station electricity usage,141326,,kWh,,
Jan-06,-66.28180556,110.5276111,Casey,Station electricity usage,133733,,kWh,,
Jan-06,-54.61988889,158.861,Macquarie Island,Station electricity usage,35385,,kWh,,
Feb-06,-67.60269444,62.87380556,Mawson,Station electricity usage,70427,,kWh,,
Feb-06,-68.57661111,77.96738889,Davis,Station electricity usage,146650,,kWh,,
Feb-06,-66.28180556,110.5276111,Casey,Station electricity usage,127007,,kWh,,
Feb-06,-54.61988889,158.861,Macquarie Island,Station electricity usage,25425,,kWh,,
Mar-06,-67.60269444,62.87380556,Mawson,Station electricity usage,76183,,kWh,,
Mar-06,-68.57661111,77.96738889,Davis,Station electricity usage,145653,,kWh,,
Mar-06,-66.28180556,110.5276111,Casey,Station electricity usage,144331,,kWh,,
Mar-06,-54.61988889,158.861,Macquarie Island,Station electricity usage,37617,,kWh,,
Apr-06,-67.60269444,62.87380556,Mawson,Station electricity usage,55901,,kWh,,
Apr-06,-68.57661111,77.96738889,Davis,Station electricity usage,139074,,kWh,,
Apr-06,-66.28180556,110.5276111,Casey,Station electricity usage,122574,,kWh,,
Apr-06,-54.61988889,158.861,Macquarie Island,Station electricity usage,38029,,kWh,,
May-06,-67.60269444,62.87380556,Mawson,Station electricity usage,117814,,kWh,,
May-06,-68.57661111,77.96738889,Davis,Station electricity usage,163274,,kWh,,
May-06,-66.28180556,110.5276111,Casey,Station electricity usage,136495,,kWh,,
May-06,-54.61988889,158.861,Macquarie Island,Station electricity usage,45071,,kWh,,
Jun-06,-67.60269444,62.87380556,Mawson,Station electricity usage,83806,,kWh,,
Jun-06,-68.57661111,77.96738889,Davis,Station electricity usage,150075,,kWh,,
Jun-06,-66.28180556,110.5276111,Casey,Station electricity usage,134277,,kWh,,
Jun-06,-54.61988889,158.861,Macquarie Island,Station electricity usage,47801,,kWh,,
Jul-06,-67.60269444,62.87380556,Mawson,Station electricity usage,109923,,kWh,,
Jul-06,-68.57661111,77.96738889,Davis,Station electricity usage,156612,,kWh,,
Jul-06,-66.28180556,110.5276111,Casey,Station electricity usage,137040,,kWh,,
Jul-06,-54.61988889,158.861,Macquarie Island,Station electricity usage,45517,,kWh,,
Aug-06,-67.60269444,62.87380556,Mawson,Station electricity usage,101347,,kWh,,
Aug-06,-68.57661111,77.96738889,Davis,Station electricity usage,150023,,kWh,,
Aug-06,-66.28180556,110.5276111,Casey,Station electricity usage,131289,,kWh,,
Aug-06,-54.61988889,158.861,Macquarie Island,Station electricity usage,49037,,kWh,,
Sep-06,-67.60269444,62.87380556,Mawson,Station electricity usage,94645,,kWh,,
Sep-06,-68.57661111,77.96738889,Davis,Station electricity usage,141724,,kWh,,
Sep-06,-66.28180556,110.5276111,Casey,Station electricity usage,129252,,kWh,,
Sep-06,-54.61988889,158.861,Macquarie Island,Station electricity usage,45789,,kWh,,
Oct-06,-67.60269444,62.87380556,Mawson,Station electricity usage,82632,,kWh,,
Oct-06,-68.57661111,77.96738889,Davis,Station electricity usage,139394,,kWh,,
Oct-06,-66.28180556,110.5276111,Casey,Station electricity usage,135915,,kWh,,
Oct-06,-54.61988889,158.861,Macquarie Island,Station electricity usage,45649,,kWh,,
Nov-06,-67.60269444,62.87380556,Mawson,Station electricity usage,66516,,kWh,,
Nov-06,-68.57661111,77.96738889,Davis,Station electricity usage,139341,,kWh,,
Nov-06,-66.28180556,110.5276111,Casey,Station electricity usage,129828,,kWh,,
Nov-06,-54.61988889,158.861,Macquarie Island,Station electricity usage,48157,,kWh,,
Dec-06,-67.60269444,62.87380556,Mawson,Station electricity usage,76816,,kWh,,
Dec-06,-68.57661111,77.96738889,Davis,Station electricity usage,162934,,kWh,,
Dec-06,-66.28180556,110.5276111,Casey,Station electricity usage,130683,,kWh,,
Dec-06,-54.61988889,158.861,Macquarie Island,Station electricity usage,46033,,kWh,,
Jan-07,-67.60269444,62.87380556,Mawson,Station electricity usage,94312,,kWh,,
Jan-07,-68.57661111,77.96738889,Davis,Station electricity usage,143081,,kWh,,
Jan-07,-66.28180556,110.5276111,Casey,Station electricity usage,125105,,kWh,,
Jan-07,-54.61988889,158.861,Macquarie Island,Station electricity usage,40136,,kWh,,
Feb-07,-67.60269444,62.87380556,Mawson,Station electricity usage,71851,,kWh,,
Feb-07,-68.57661111,77.96738889,Davis,Station electricity usage,137284,,kWh,,
Feb-07,-66.28180556,110.5276111,Casey,Station electricity usage,132116,,kWh,,
Feb-07,-54.61988889,158.861,Macquarie Island,Station electricity usage,38009,,kWh,,
Mar-07,-67.60269444,62.87380556,Mawson,Station electricity usage,78271,,kWh,,
Mar-07,-68.57661111,77.96738889,Davis,Station electricity usage,153322,,kWh,,
Mar-07,-66.28180556,110.5276111,Casey,Station electricity usage,135475,,kWh,,
Mar-07,-54.61988889,158.861,Macquarie Island,Station electricity usage,43964,,kWh,,
Apr-07,-67.60269444,62.87380556,Mawson,Station electricity usage,90571,,kWh,,
Apr-07,-68.57661111,77.96738889,Davis,Station electricity usage,130975,,kWh,,
Apr-07,-66.28180556,110.5276111,Casey,Station electricity usage,124235,,kWh,,
Apr-07,-54.61988889,158.861,Macquarie Island,Station electricity usage,45410,,kWh,,
May-07,-67.60269444,62.87380556,Mawson,Station electricity usage,80305,,kWh,,
May-07,-68.57661111,77.96738889,Davis,Station electricity usage,135799,,kWh,,
May-07,-66.28180556,110.5276111,Casey,Station electricity usage,131825,,kWh,,
May-07,-54.61988889,158.861,Macquarie Island,Station electricity usage,39802,,kWh,,
Jun-07,-67.60269444,62.87380556,Mawson,Station electricity usage,75449,,kWh,,
Jun-07,-68.57661111,77.96738889,Davis,Station electricity usage,139069,,kWh,,
Jun-07,-66.28180556,110.5276111,Casey,Station electricity usage,128585,,kWh,,
Jun-07,-54.61988889,158.861,Macquarie Island,Station electricity usage,41092,,kWh,,
Jul-07,-67.60269444,62.87380556,Mawson,Station electricity usage,62826,,kWh,,
Jul-07,-68.57661111,77.96738889,Davis,Station electricity usage,138742,,kWh,,
Jul-07,-66.28180556,110.5276111,Casey,Station electricity usage,132708,,kWh,,
Jul-07,-54.61988889,158.861,Macquarie Island,Station electricity usage,40650,,kWh,,
Aug-07,-68.57661111,77.96738889,Davis,Station electricity usage,144054,,kWh,,
Aug-07,-66.28180556,110.5276111,Casey,Station electricity usage,153466,,kWh,,
Aug-07,-54.61988889,158.861,Macquarie Island,Station electricity usage,37853,,kWh,,
Sep-07,-67.60269444,62.87380556,Mawson,Station electricity usage,88676,,kWh,,
Sep-07,-68.57661111,77.96738889,Davis,Station electricity usage,139388,,kWh,,
Sep-07,-66.28180556,110.5276111,Casey,Station electricity usage,146312,,kWh,,
Sep-07,-54.61988889,158.861,Macquarie Island,Station electricity usage,35972,,kWh,,
Oct-07,-67.60269444,62.87380556,Mawson,Station electricity usage,85981,,kWh,,
Oct-07,-68.57661111,77.96738889,Davis,Station electricity usage,140030,,kWh,,
Oct-07,-66.28180556,110.5276111,Casey,Station electricity usage,144838,,kWh,,
Oct-07,-54.61988889,158.861,Macquarie Island,Station electricity usage,36950,,kWh,,
Nov-07,-67.60269444,62.87380556,Mawson,Station electricity usage,76809,,kWh,,
Nov-07,-68.57661111,77.96738889,Davis,Station electricity usage,134377,,kWh,,
Nov-07,-66.28180556,110.5276111,Casey,Station electricity usage,122023,,kWh,,
Nov-07,-54.61988889,158.861,Macquarie Island,Station electricity usage,33955,,kWh,,
Dec-07,-67.60269444,62.87380556,Mawson,Station electricity usage,112781,,kWh,,
Dec-07,-68.57661111,77.96738889,Davis,Station electricity usage,96117,,kWh,,
Dec-07,-66.28180556,110.5276111,Casey,Station electricity usage,121830,,kWh,,
Dec-07,-54.61988889,158.861,Macquarie Island,Station electricity usage,12613,,kWh,,
Jan-08,-67.60269444,62.87380556,Mawson,Station electricity usage,82907,,kWh,,
Jan-08,-68.57661111,77.96738889,Davis,Station electricity usage,135791,,kWh,,
Jan-08,-66.28180556,110.5276111,Casey,Station electricity usage,118221,,kWh,,
Jan-08,-54.61988889,158.861,Macquarie Island,Station electricity usage,33809,,kWh,,
Feb-08,-67.60269444,62.87380556,Mawson,Station electricity usage,63367,,kWh,,
Feb-08,-68.57661111,77.96738889,Davis,Station electricity usage,137453,,kWh,,
Feb-08,-66.28180556,110.5276111,Casey,Station electricity usage,113313,,kWh,,
Feb-08,-54.61988889,158.861,Macquarie Island,Station electricity usage,34497,,kWh,,
Mar-08,-67.60269444,62.87380556,Mawson,Station electricity usage,73804,,kWh,,
Mar-08,-68.57661111,77.96738889,Davis,Station electricity usage,148468,,kWh,,
Mar-08,-66.28180556,110.5276111,Casey,Station electricity usage,124451,,kWh,,
Mar-08,-54.61988889,158.861,Macquarie Island,Station electricity usage,40735,,kWh,,
Apr-08,-67.60269444,62.87380556,Mawson,Station electricity usage,90628,,kWh,,
Apr-08,-68.57661111,77.96738889,Davis,Station electricity usage,143665,,kWh,,
Apr-08,-66.28180556,110.5276111,Casey,Station electricity usage,121323,,kWh,,
Apr-08,-54.61988889,158.861,Macquarie Island,Station electricity usage,37016,,kWh,,
May-08,-67.60269444,62.87380556,Mawson,Station electricity usage,68962,,kWh,,
May-08,-68.57661111,77.96738889,Davis,Station electricity usage,150340,,kWh,,
May-08,-66.28180556,110.5276111,Casey,Station electricity usage,102192,,kWh,,
May-08,-54.61988889,158.861,Macquarie Island,Station electricity usage,40376,,kWh,,
Jun-08,-67.60269444,62.87380556,Mawson,Station electricity usage,76519,,kWh,,
Jun-08,-68.57661111,77.96738889,Davis,Station electricity usage,146006,,kWh,,
Jun-08,-66.28180556,110.5276111,Casey,Station electricity usage,127442,,kWh,,
Jun-08,-54.61988889,158.861,Macquarie Island,Station electricity usage,44524,,kWh,,
Jul-08,-67.60269444,62.87380556,Mawson,Station electricity usage,106860,,kWh,,
Jul-08,-68.57661111,77.96738889,Davis,Station electricity usage,157276,,kWh,,
Jul-08,-66.28180556,110.5276111,Casey,Station electricity usage,143646,,kWh,,
Jul-08,-54.61988889,158.861,Macquarie Island,Station electricity usage,43066,,kWh,,
Aug-08,-67.60269444,62.87380556,Mawson,Station electricity usage,96750,,kWh,,
Aug-08,-68.57661111,77.96738889,Davis,Station electricity usage,170590,,kWh,,
Aug-08,-66.28180556,110.5276111,Casey,Station electricity usage,135216,,kWh,,
Aug-08,-54.61988889,158.861,Macquarie Island,Station electricity usage,45877,,kWh,,
Sep-08,-67.60269444,62.87380556,Mawson,Station electricity usage,94375,,kWh,,
Sep-08,-68.57661111,77.96738889,Davis,Station electricity usage,163108,,kWh,,
Sep-08,-66.28180556,110.5276111,Casey,Station electricity usage,130450,,kWh,,
Sep-08,-54.61988889,158.861,Macquarie Island,Station electricity usage,34695,,kWh,,
Oct-08,-67.60269444,62.87380556,Mawson,Station electricity usage,86962,,kWh,,
Oct-08,-68.57661111,77.96738889,Davis,Station electricity usage,152380,,kWh,,
Oct-08,-66.28180556,110.5276111,Casey,Station electricity usage,133727,,kWh,,
Oct-08,-54.61988889,158.861,Macquarie Island,Station electricity usage,45666,,kWh,,
Nov-08,-67.60269444,62.87380556,Mawson,Station electricity usage,70942,,kWh,,
Nov-08,-68.57661111,77.96738889,Davis,Station electricity usage,147089,,kWh,,
Nov-08,-66.28180556,110.5276111,Casey,Station electricity usage,114012,,kWh,,
Nov-08,-54.61988889,158.861,Macquarie Island,Station electricity usage,44834,,kWh,,
Dec-08,-67.60269444,62.87380556,Mawson,Station electricity usage,100425,,kWh,,
Dec-08,-68.57661111,77.96738889,Davis,Station electricity usage,142876,,kWh,,
Dec-08,-66.28180556,110.5276111,Casey,Station electricity usage,127615,,kWh,,
Dec-08,-54.61988889,158.861,Macquarie Island,Station electricity usage,42730,,kWh,,
Jan-09,-67.60269444,62.87380556,Mawson,Station electricity usage,91949,,kWh,,
Jan-09,-68.57661111,77.96738889,Davis,Station electricity usage,145516,,kWh,,
Jan-09,-66.28180556,110.5276111,Casey,Station electricity usage,144673,,kWh,,
Jan-09,-54.61988889,158.861,Macquarie Island,Station electricity usage,42787,,kWh,,
Feb-09,-67.60269444,62.87380556,Mawson,Station electricity usage,75518,,kWh,,
Feb-09,-68.57661111,77.96738889,Davis,Station electricity usage,141741,,kWh,,
Feb-09,-66.28180556,110.5276111,Casey,Station electricity usage,117601,,kWh,,
Feb-09,-54.61988889,158.861,Macquarie Island,Station electricity usage,40048,,kWh,,
Mar-09,-67.60269444,62.87380556,Mawson,Station electricity usage,59851,,kWh,,
Mar-09,-68.57661111,77.96738889,Davis,Station electricity usage,148394,,kWh,,
Mar-09,-66.28180556,110.5276111,Casey,Station electricity usage,117455,,kWh,,
Mar-09,-54.61988889,158.861,Macquarie Island,Station electricity usage,46954,,kWh,,
Apr-09,-67.60269444,62.87380556,Mawson,Station electricity usage,82341,,kWh,,
Apr-09,-68.57661111,77.96738889,Davis,Station electricity usage,150159,,kWh,,
Apr-09,-66.28180556,110.5276111,Casey,Station electricity usage,137948,,kWh,,
Apr-09,-54.61988889,158.861,Macquarie Island,Station electricity usage,39850,,kWh,,
May-09,-67.60269444,62.87380556,Mawson,Station electricity usage,99844,,kWh,,
May-09,-68.57661111,77.96738889,Davis,Station electricity usage,157327,,kWh,,
May-09,-66.28180556,110.5276111,Casey,Station electricity usage,130417,,kWh,,
May-09,-54.61988889,158.861,Macquarie Island,Station electricity usage,41143,,kWh,,
Jun-09,-67.60269444,62.87380556,Mawson,Station electricity usage,102800,,kWh,,
Jun-09,-68.57661111,77.96738889,Davis,Station electricity usage,156766,,kWh,,
Jun-09,-66.28180556,110.5276111,Casey,Station electricity usage,127666,,kWh,,
Jun-09,-54.61988889,158.861,Macquarie Island,Station electricity usage,37308,,kWh,,
Jul-09,-67.60269444,62.87380556,Mawson,Station electricity usage,102548,,kWh,,
Jul-09,-68.57661111,77.96738889,Davis,Station electricity usage,165040,,kWh,,
Jul-09,-66.28180556,110.5276111,Casey,Station electricity usage,128802,,kWh,,
Jul-09,-54.61988889,158.861,Macquarie Island,Station electricity usage,42368,,kWh,,
Aug-09,-67.60269444,62.87380556,Mawson,Station electricity usage,113652,,kWh,,
Aug-09,-68.57661111,77.96738889,Davis,Station electricity usage,170989,,kWh,,
Aug-09,-66.28180556,110.5276111,Casey,Station electricity usage,130246,,kWh,,
Aug-09,-54.61988889,158.861,Macquarie Island,Station electricity usage,41783,,kWh,,
Sep-09,-67.60269444,62.87380556,Mawson,Station electricity usage,92585,,kWh,,
Sep-09,-68.57661111,77.96738889,Davis,Station electricity usage,157431,,kWh,,
Sep-09,-66.28180556,110.5276111,Casey,Station electricity usage,126119,,kWh,,
Sep-09,-54.61988889,158.861,Macquarie Island,Station electricity usage,39411,,kWh,,
Oct-09,-67.60269444,62.87380556,Mawson,Station electricity usage,91088,,kWh,,
Oct-09,-68.57661111,77.96738889,Davis,Station electricity usage,160286,,kWh,,
Oct-09,-66.28180556,110.5276111,Casey,Station electricity usage,124767,,kWh,,
Oct-09,-54.61988889,158.861,Macquarie Island,Station electricity usage,45121,,kWh,,
Nov-09,-67.60269444,62.87380556,Mawson,Station electricity usage,74096,,kWh,,
Nov-09,-68.57661111,77.96738889,Davis,Station electricity usage,150096,,kWh,,
Nov-09,-66.28180556,110.5276111,Casey,Station electricity usage,125415,,kWh,,
Nov-09,-54.61988889,158.861,Macquarie Island,Station electricity usage,42718,,kWh,,
Dec-09,-67.60269444,62.87380556,Mawson,Station electricity usage,15005,,kWh,,
Dec-09,-68.57661111,77.96738889,Davis,Station electricity usage,139745,,kWh,,
Dec-09,-66.28180556,110.5276111,Casey,Station electricity usage,125458,,kWh,,
Dec-09,-54.61988889,158.861,Macquarie Island,Station electricity usage,40355,,kWh,,
Jan-10,-67.60269444,62.87380556,Mawson,Station electricity usage,62785,,kWh,,
Jan-10,-68.57661111,77.96738889,Davis,Station electricity usage,158956,,kWh,,
Jan-10,-66.28180556,110.5276111,Casey,Station electricity usage,131504,,kWh,,
Jan-10,-54.61988889,158.861,Macquarie Island,Station electricity usage,35225,,kWh,,
Feb-10,-67.60269444,62.87380556,Mawson,Station electricity usage,40010,,kWh,,
Feb-10,-68.57661111,77.96738889,Davis,Station electricity usage,145330,,kWh,,
Feb-10,-66.28180556,110.5276111,Casey,Station electricity usage,140120,,kWh,,
Feb-10,-54.61988889,158.861,Macquarie Island,Station electricity usage,34271,,kWh,,
Mar-10,-67.60269444,62.87380556,Mawson,Station electricity usage,55219,,kWh,,
Mar-10,-68.57661111,77.96738889,Davis,Station electricity usage,170048,,kWh,,
Mar-10,-66.28180556,110.5276111,Casey,Station electricity usage,118779,,kWh,,
Mar-10,-54.61988889,158.861,Macquarie Island,Station electricity usage,40116,,kWh,,
Apr-10,-67.60269444,62.87380556,Mawson,Station electricity usage,81130,,kWh,,
Apr-10,-68.57661111,77.96738889,Davis,Station electricity usage,164944,,kWh,,
Apr-10,-66.28180556,110.5276111,Casey,Station electricity usage,123378,,kWh,,
Apr-10,-54.61988889,158.861,Macquarie Island,Station electricity usage,40766,,kWh,,
May-10,-67.60269444,62.87380556,Mawson,Station electricity usage,72648,,kWh,,
May-10,-68.57661111,77.96738889,Davis,Station electricity usage,177124,,kWh,,
May-10,-66.28180556,110.5276111,Casey,Station electricity usage,135718,,kWh,,
May-10,-54.61988889,158.861,Macquarie Island,Station electricity usage,41033,,kWh,,
Jun-10,-67.60269444,62.87380556,Mawson,Station electricity usage,86337,,kWh,,
Jun-10,-68.57661111,77.96738889,Davis,Station electricity usage,164426,,kWh,,
Jun-10,-66.28180556,110.5276111,Casey,Station electricity usage,137194,,kWh,,
Jun-10,-54.61988889,158.861,Macquarie Island,Station electricity usage,43460,,kWh,,
Jul-10,-67.60269444,62.87380556,Mawson,Station electricity usage,96318,,kWh,,
Jul-10,-68.57661111,77.96738889,Davis,Station electricity usage,180660,,kWh,,
Jul-10,-66.28180556,110.5276111,Casey,Station electricity usage,135119,,kWh,,
Jul-10,-54.61988889,158.861,Macquarie Island,Station electricity usage,49882,,kWh,,
Aug-10,-67.60269444,62.87380556,Mawson,Station electricity usage,100563,,kWh,,
Aug-10,-68.57661111,77.96738889,Davis,Station electricity usage,186312,,kWh,,
Aug-10,-66.28180556,110.5276111,Casey,Station electricity usage,136818,,kWh,,
Aug-10,-54.61988889,158.861,Macquarie Island,Station electricity usage,47082,,kWh,,
Sep-10,-67.60269444,62.87380556,Mawson,Station electricity usage,95057,,kWh,,
Sep-10,-68.57661111,77.96738889,Davis,Station electricity usage,172310,,kWh,,
Sep-10,-66.28180556,110.5276111,Casey,Station electricity usage,128200,,kWh,,
Sep-10,-54.61988889,158.861,Macquarie Island,Station electricity usage,44262,,kWh,,
Oct-10,-67.60269444,62.87380556,Mawson,Station electricity usage,90676,,kWh,,
Oct-10,-68.57661111,77.96738889,Davis,Station electricity usage,177479,,kWh,,
Oct-10,-66.28180556,110.5276111,Casey,Station electricity usage,132530,,kWh,,
Oct-10,-54.61988889,158.861,Macquarie Island,Station electricity usage,44414,,kWh,,
Nov-10,-67.60269444,62.87380556,Mawson,Station electricity usage,93361,,kWh,,
Nov-10,-68.57661111,77.96738889,Davis,Station electricity usage,160000,,kWh,,
Nov-10,-66.28180556,110.5276111,Casey,Station electricity usage,131558,,kWh,,
Nov-10,-54.61988889,158.861,Macquarie Island,Station electricity usage,45041,,kWh,,
Dec-10,-67.60269444,62.87380556,Mawson,Station electricity usage,69394,,kWh,,
Dec-10,-68.57661111,77.96738889,Davis,Station electricity usage,154003,,kWh,,
Dec-10,-66.28180556,110.5276111,Casey,Station electricity usage,134489,,kWh,,
Dec-10,-54.61988889,158.861,Macquarie Island,Station electricity usage,33831,,kWh,,
Jan-11,-67.60269444,62.87380556,Mawson,Station electricity usage,76358,,kWh,,
Jan-11,-68.57661111,77.96738889,Davis,Station electricity usage,185750,,kWh,,
Jan-11,-66.28180556,110.5276111,Casey,Station electricity usage,129650,,kWh,,
Jan-11,-54.61988889,158.861,Macquarie Island,Station electricity usage,31948,,kWh,,
Feb-11,-67.60269444,62.87380556,Mawson,Station electricity usage,76580,,kWh,,
Feb-11,-68.57661111,77.96738889,Davis,Station electricity usage,170410,,kWh,,
Feb-11,-66.28180556,110.5276111,Casey,Station electricity usage,121164,,kWh,,
Feb-11,-54.61988889,158.861,Macquarie Island,Station electricity usage,40814,,kWh,,
Mar-11,-67.60269444,62.87380556,Mawson,Station electricity usage,80659,,kWh,,
Mar-11,-68.57661111,77.96738889,Davis,Station electricity usage,185318,,kWh,,
Mar-11,-66.28180556,110.5276111,Casey,Station electricity usage,146782,,kWh,,
Mar-11,-54.61988889,158.861,Macquarie Island,Station electricity usage,47240,,kWh,,
Apr-11,-67.60269444,62.87380556,Mawson,Station electricity usage,103351,,kWh,,
Apr-11,-68.57661111,77.96738889,Davis,Station electricity usage,174654,,kWh,,
Apr-11,-66.28180556,110.5276111,Casey,Station electricity usage,147556,,kWh,,
Apr-11,-54.61988889,158.861,Macquarie Island,Station electricity usage,50301,,kWh,,
May-11,-67.60269444,62.87380556,Mawson,Station electricity usage,118705,,kWh,,
May-11,-68.57661111,77.96738889,Davis,Station electricity usage,156577,,kWh,,
May-11,-66.28180556,110.5276111,Casey,Station electricity usage,130459,,kWh,,
May-11,-54.61988889,158.861,Macquarie Island,Station electricity usage,50288,,kWh,,
Jun-11,-67.60269444,62.87380556,Mawson,Station electricity usage,103423,,kWh,,
Jun-11,-68.57661111,77.96738889,Davis,Station electricity usage,197103,,kWh,,
Jun-11,-66.28180556,110.5276111,Casey,Station electricity usage,138175,,kWh,,
Jun-11,-54.61988889,158.861,Macquarie Island,Station electricity usage,50809,,kWh,,
Jul-11,-67.60269444,62.87380556,Mawson,Station electricity usage,116278,,kWh,,
Jul-11,-68.57661111,77.96738889,Davis,Station electricity usage,160321,,kWh,,
Jul-11,-66.28180556,110.5276111,Casey,Station electricity usage,142697,,kWh,,
Jul-11,-54.61988889,158.861,Macquarie Island,Station electricity usage,57130,,kWh,,
Aug-11,-67.60269444,62.87380556,Mawson,Station electricity usage,94604,,kWh,,
Aug-11,-68.57661111,77.96738889,Davis,Station electricity usage,194624,,kWh,,
Aug-11,-66.28180556,110.5276111,Casey,Station electricity usage,141593,,kWh,,
Aug-11,-54.61988889,158.861,Macquarie Island,Station electricity usage,58097,,kWh,,
Sep-11,-67.60269444,62.87380556,Mawson,Station electricity usage,105516,,kWh,,
Sep-11,-68.57661111,77.96738889,Davis,Station electricity usage,189535,,kWh,,
Sep-11,-66.28180556,110.5276111,Casey,Station electricity usage,144317,,kWh,,
Sep-11,-54.61988889,158.861,Macquarie Island,Station electricity usage,49792,,kWh,,
Oct-11,-67.60269444,62.87380556,Mawson,Station electricity usage,126780,,kWh,,
Oct-11,-68.57661111,77.96738889,Davis,Station electricity usage,186464,,kWh,,
Oct-11,-66.28180556,110.5276111,Casey,Station electricity usage,140099,,kWh,,
Oct-11,-54.61988889,158.861,Macquarie Island,Station electricity usage,50879,,kWh,,
Nov-11,-67.60269444,62.87380556,Mawson,Station electricity usage,92203,,kWh,,
Nov-11,-68.57661111,77.96738889,Davis,Station electricity usage,171000,,kWh,,
Nov-11,-66.28180556,110.5276111,Casey,Station electricity usage,131073,,kWh,,
Nov-11,-54.61988889,158.861,Macquarie Island,Station electricity usage,48117,,kWh,,
Dec-11,-67.60269444,62.87380556,Mawson,Station electricity usage,107910,,kWh,,
Dec-11,-68.57661111,77.96738889,Davis,Station electricity usage,185456,,kWh,,
Dec-11,-66.28180556,110.5276111,Casey,Station electricity usage,128137,,kWh,,
Dec-11,-54.61988889,158.861,Macquarie Island,Station electricity usage,50110,,kWh,,
Jan-12,-67.60269444,62.87380556,Mawson,Station electricity usage,83209,,kWh,,
Jan-12,-68.57661111,77.96738889,Davis,Station electricity usage,170340,,kWh,,
Jan-12,-66.28180556,110.5276111,Casey,Station electricity usage,129625,,kWh,,
Jan-12,-54.61988889,158.861,Macquarie Island,Station electricity usage,49230,,kWh,,
Feb-12,-67.60269444,62.87380556,Mawson,Station electricity usage,68022,,kWh,,
Feb-12,-68.57661111,77.96738889,Davis,Station electricity usage,163791,,kWh,,
Feb-12,-66.28180556,110.5276111,Casey,Station electricity usage,140363,,kWh,,
Feb-12,-54.61988889,158.861,Macquarie Island,Station electricity usage,47590,,kWh,,
Mar-12,-67.60269444,62.87380556,Mawson,Station electricity usage,84057,,kWh,,
Mar-12,-68.57661111,77.96738889,Davis,Station electricity usage,176748,,kWh,,
Mar-12,-66.28180556,110.5276111,Casey,Station electricity usage,137386,,kWh,,
Mar-12,-54.61988889,158.861,Macquarie Island,Station electricity usage,52385,,kWh,,
Apr-12,-67.60269444,62.87380556,Mawson,Station electricity usage,110077,,kWh,,
Apr-12,-68.57661111,77.96738889,Davis,Station electricity usage,160856,,kWh,,
Apr-12,-66.28180556,110.5276111,Casey,Station electricity usage,131814,,kWh,,
Apr-12,-54.61988889,158.861,Macquarie Island,Station electricity usage,49210,,kWh,,
May-12,-67.60269444,62.87380556,Mawson,Station electricity usage,121215,,kWh,,
May-12,-68.57661111,77.96738889,Davis,Station electricity usage,174460,,kWh,,
May-12,-66.28180556,110.5276111,Casey,Station electricity usage,149454,,kWh,,
May-12,-54.61988889,158.861,Macquarie Island,Station electricity usage,57729,,kWh,,
Jun-12,-67.60269444,62.87380556,Mawson,Station electricity usage,105476,,kWh,,
Jun-12,-68.57661111,77.96738889,Davis,Station electricity usage,174460,,kWh,,
Jun-12,-66.28180556,110.5276111,Casey,Station electricity usage,147825,,kWh,,
Jun-12,-54.61988889,158.861,Macquarie Island,Station electricity usage,58890,,kWh,,
Jul-12,-67.60269444,62.87380556,Mawson,Station electricity usage,122837,,kWh,,
Jul-12,-68.57661111,77.96738889,Davis,Station electricity usage,176894,,kWh,,
Jul-12,-66.28180556,110.5276111,Casey,Station electricity usage,154361,,kWh,,
Jul-12,-54.61988889,158.861,Macquarie Island,Station electricity usage,57479,,kWh,,
Aug-12,-67.60269444,62.87380556,Mawson,Station electricity usage,109183,,kWh,,
Aug-12,-68.57661111,77.96738889,Davis,Station electricity usage,176620,,kWh,,
Aug-12,-66.28180556,110.5276111,Casey,Station electricity usage,145450,,kWh,,
Aug-12,-54.61988889,158.861,Macquarie Island,Station electricity usage,55965,,kWh,,
Sep-12,-67.60269444,62.87380556,Mawson,Station electricity usage,112144,,kWh,,
Sep-12,-68.57661111,77.96738889,Davis,Station electricity usage,167984,,kWh,,
Sep-12,-66.28180556,110.5276111,Casey,Station electricity usage,107634,,kWh,,
Sep-12,-54.61988889,158.861,Macquarie Island,Station electricity usage,56395,,kWh,,
Oct-12,-67.60269444,62.87380556,Mawson,Station electricity usage,115189,,kWh,,
Oct-12,-68.57661111,77.96738889,Davis,Station electricity usage,164266,,kWh,,
Oct-12,-66.28180556,110.5276111,Casey,Station electricity usage,139552,,kWh,,
Oct-12,-54.61988889,158.861,Macquarie Island,Station electricity usage,59410,,kWh,,
Nov-12,-67.60269444,62.87380556,Mawson,Station electricity usage,76173,,kWh,,
Nov-12,-68.57661111,77.96738889,Davis,Station electricity usage,145065,,kWh,,
Nov-12,-66.28180556,110.5276111,Casey,Station electricity usage,131884,,kWh,,
Nov-12,-54.61988889,158.861,Macquarie Island,Station electricity usage,53330,,kWh,,
Dec-12,-67.60269444,62.87380556,Mawson,Station electricity usage,86123,,kWh,,
Dec-12,-68.57661111,77.96738889,Davis,Station electricity usage,92439,,kWh,,
Dec-12,-66.28180556,110.5276111,Casey,Station electricity usage,233055,,kWh,,
Dec-12,-54.61988889,158.861,Macquarie Island,Station electricity usage,53855,,kWh,,
Jan-13,-67.60269444,62.87380556,Mawson,Station electricity usage,70102,,kWh,,
Jan-13,-68.57661111,77.96738889,Davis,Station electricity usage,116176,,kWh,,
Jan-13,-66.28180556,110.5276111,Casey,Station electricity usage,155156,,kWh,,
Jan-13,-54.61988889,158.861,Macquarie Island,Station electricity usage,50995,,kWh,,
Feb-13,-67.60269444,62.87380556,Mawson,Station electricity usage,72344,,kWh,,
Feb-13,-68.57661111,77.96738889,Davis,Station electricity usage,125223,,kWh,,
Feb-13,-66.28180556,110.5276111,Casey,Station electricity usage,127949,,kWh,,
Feb-13,-54.61988889,158.861,Macquarie Island,Station electricity usage,47365,,kWh,,
Mar-13,-67.60269444,62.87380556,Mawson,Station electricity usage,92241,,kWh,,
Mar-13,-68.57661111,77.96738889,Davis,Station electricity usage,147713,,kWh,,
Mar-13,-66.28180556,110.5276111,Casey,Station electricity usage,130367,,kWh,,
Mar-13,-54.61988889,158.861,Macquarie Island,Station electricity usage,48890,,kWh,,
Apr-13,-67.60269444,62.87380556,Mawson,Station electricity usage,101461,,kWh,,
Apr-13,-68.57661111,77.96738889,Davis,Station electricity usage,147251,,kWh,,
Apr-13,-66.28180556,110.5276111,Casey,Station electricity usage,150684,,kWh,,
Apr-13,-54.61988889,158.861,Macquarie Island,Station electricity usage,46433,,kWh,,
May-13,-67.60269444,62.87380556,Mawson,Station electricity usage,117848,,kWh,,
May-13,-68.57661111,77.96738889,Davis,Station electricity usage,154235,,kWh,,
May-13,-66.28180556,110.5276111,Casey,Station electricity usage,168028,,kWh,,
May-13,-54.61988889,158.861,Macquarie Island,Station electricity usage,55335,,kWh,,
Jun-13,-67.60269444,62.87380556,Mawson,Station electricity usage,107577,,kWh,,
Jun-13,-68.57661111,77.96738889,Davis,Station electricity usage,155709,,kWh,,
Jun-13,-66.28180556,110.5276111,Casey,Station electricity usage,164790,,kWh,,
Jun-13,-54.61988889,158.861,Macquarie Island,Station electricity usage,55430,,kWh,,
Jul-13,-67.60269444,62.87380556,Mawson,Station electricity usage,106896,,kWh,,
Jul-13,-68.57661111,77.96738889,Davis,Station electricity usage,156697,,kWh,,
Jul-13,-66.28180556,110.5276111,Casey,Station electricity usage,181834,,kWh,,
Jul-13,-54.61988889,158.861,Macquarie Island,Station electricity usage,56715,,kWh,,
Aug-13,-67.60269444,62.87380556,Mawson,Station electricity usage,98738,,kWh,,
Aug-13,-68.57661111,77.96738889,Davis,Station electricity usage,159826,,kWh,,
Aug-13,-66.28180556,110.5276111,Casey,Station electricity usage,190234,,kWh,,
Aug-13,-54.61988889,158.861,Macquarie Island,Station electricity usage,50970,,kWh,,
Sep-13,-67.60269444,62.87380556,Mawson,Station electricity usage,86710,,kWh,,
Sep-13,-68.57661111,77.96738889,Davis,Station electricity usage,147740,,kWh,,
Sep-13,-66.28180556,110.5276111,Casey,Station electricity usage,149448,,kWh,,
Sep-13,-54.61988889,158.861,Macquarie Island,Station electricity usage,51050,,kWh,,
Oct-13,-67.60269444,62.87380556,Mawson,Station electricity usage,84054,,kWh,,
Oct-13,-68.57661111,77.96738889,Davis,Station electricity usage,153588,,kWh,,
Oct-13,-66.28180556,110.5276111,Casey,Station electricity usage,105255,,kWh,,
Oct-13,-54.61988889,158.861,Macquarie Island,Station electricity usage,50245,,kWh,,
Nov-13,-67.60269444,62.87380556,Mawson,Station electricity usage,109484,,kWh,,
Nov-13,-68.57661111,77.96738889,Davis,Station electricity usage,146643,,kWh,,
Nov-13,-66.28180556,110.5276111,Casey,Station electricity usage,89563,,kWh,,
Nov-13,-54.61988889,158.861,Macquarie Island,Station electricity usage,48470,,kWh,,
Dec-13,-67.60269444,62.87380556,Mawson,Station electricity usage,129031,,kWh,,
Dec-13,-68.57661111,77.96738889,Davis,Station electricity usage,78671,,kWh,,
Dec-13,-66.28180556,110.5276111,Casey,Station electricity usage,146086,,kWh,,
Dec-13,-54.61988889,158.861,Macquarie Island,Station electricity usage,48500,,kWh,,
Jan-14,-67.60269444,62.87380556,Mawson,Station electricity usage,91568,,kWh,,
Jan-14,-68.57661111,77.96738889,Davis,Station electricity usage,170551,,kWh,,
Jan-14,-66.28180556,110.5276111,Casey,Station electricity usage,93133,,kWh,,
Jan-14,-54.61988889,158.861,Macquarie Island,Station electricity usage,48953,,kWh,,
Feb-14,-67.60269444,62.87380556,Mawson,Station electricity usage,61993,,kWh,,
Feb-14,-68.57661111,77.96738889,Davis,Station electricity usage,153038,,kWh,,
Feb-14,-66.28180556,110.5276111,Casey,Station electricity usage,121087,,kWh,,
Feb-14,-54.61988889,158.861,Macquarie Island,Station electricity usage,40125,,kWh,,
Mar-14,-67.60269444,62.87380556,Mawson,Station electricity usage,75925,,kWh,,
Mar-14,-68.57661111,77.96738889,Davis,Station electricity usage,171540,,kWh,,
Mar-14,-66.28180556,110.5276111,Casey,Station electricity usage,135616,,kWh,,
Mar-14,-54.61988889,158.861,Macquarie Island,Station electricity usage,47000,,kWh,,
Apr-14,-67.60269444,62.87380556,Mawson,Station electricity usage,57497,,kWh,,
Apr-14,-68.57661111,77.96738889,Davis,Station electricity usage,163357,,kWh,,
Apr-14,-66.28180556,110.5276111,Casey,Station electricity usage,133786,,kWh,,
May-14,-67.60269444,62.87380556,Mawson,Station electricity usage,71246,,kWh,,
May-14,-68.57661111,77.96738889,Davis,Station electricity usage,158411,,kWh,,
May-14,-66.28180556,110.5276111,Casey,Station electricity usage,131474,,kWh,,
May-14,-54.61988889,158.861,Macquarie Island,Station electricity usage,50890,,kWh,,
Jun-14,-67.60269444,62.87380556,Mawson,Station electricity usage,90038,,kWh,,
Jun-14,-68.57661111,77.96738889,Davis,Station electricity usage,158868,,kWh,,
Jun-14,-66.28180556,110.5276111,Casey,Station electricity usage,142533,,kWh,,
Jun-14,-54.61988889,158.861,Macquarie Island,Station electricity usage,46630,,kWh,,
Jul-14,-67.60269444,62.87380556,Mawson,Station electricity usage,84856,,kWh,,
Jul-14,-68.57661111,77.96738889,Davis,Station electricity usage,168279,,kWh,,
Jul-14,-66.28180556,110.5276111,Casey,Station electricity usage,146984,,kWh,,
Jul-14,-54.61988889,158.861,Macquarie Island,Station electricity usage,49410,,kWh,,
Aug-14,-67.60269444,62.87380556,Mawson,Station electricity usage,66928,,kWh,,
Aug-14,-68.57661111,77.96738889,Davis,Station electricity usage,167853,,kWh,,
Aug-14,-66.28180556,110.5276111,Casey,Station electricity usage,186006,,kWh,,
Aug-14,-54.61988889,158.861,Macquarie Island,Station electricity usage,50750,,kWh,,
Sep-14,-67.60269444,62.87380556,Mawson,Station electricity usage,53178,,kWh,,
Sep-14,-68.57661111,77.96738889,Davis,Station electricity usage,155479,,kWh,,
Sep-14,-66.28180556,110.5276111,Casey,Station electricity usage,134475,,kWh,,
Sep-14,-54.61988889,158.861,Macquarie Island,Station electricity usage,48190,,kWh,,
Oct-14,-67.60269444,62.87380556,Mawson,Station electricity usage,60301,,kWh,,
Oct-14,-68.57661111,77.96738889,Davis,Station electricity usage,155440,,kWh,,
Oct-14,-66.28180556,110.5276111,Casey,Station electricity usage,134515,,kWh,,
Oct-14,-54.61988889,158.861,Macquarie Island,Station electricity usage,50000,,kWh,,
Nov-14,-67.60269444,62.87380556,Mawson,Station electricity usage,64722,,kWh,,
Nov-14,-68.57661111,77.96738889,Davis,Station electricity usage,149995,,kWh,,
Nov-14,-66.28180556,110.5276111,Casey,Station electricity usage,129227,,kWh,,
Nov-14,-54.61988889,158.861,Macquarie Island,Station electricity usage,48710,,kWh,,
Dec-14,-67.60269444,62.87380556,Mawson,Station electricity usage,58538,,kWh,,
Dec-14,-68.57661111,77.96738889,Davis,Station electricity usage,147637,,kWh,,
Dec-14,-66.28180556,110.5276111,Casey,Station electricity usage,137201.8571,,kWh,,
Dec-14,-54.61988889,158.861,Macquarie Island,Station electricity usage,46740,,kWh,,
Jan-15,-67.60269444,62.87380556,Mawson,Station electricity usage,71071,,kWh,,
Jan-15,-68.57661111,77.96738889,Davis,Station electricity usage,155220,,kWh,,
Jan-15,-54.61988889,158.861,Macquarie Island,Station electricity usage,47420,,kWh,,
Feb-15,-67.60269444,62.87380556,Mawson,Station electricity usage,55693,,kWh,,
Feb-15,-68.57661111,77.96738889,Davis,Station electricity usage,142486,,kWh,,
Feb-15,-66.28180556,110.5276111,Casey,Station electricity usage,107815,,kWh,,
Feb-15,-54.61988889,158.861,Macquarie Island,Station electricity usage,40870,,kWh,,
Mar-15,-67.60269444,62.87380556,Mawson,Station electricity usage,65291,,kWh,,
Mar-15,-68.57661111,77.96738889,Davis,Station electricity usage,160207,,kWh,,
Mar-15,-66.28180556,110.5276111,Casey,Station electricity usage,135081,,kWh,,
Mar-15,-54.61988889,158.861,Macquarie Island,Station electricity usage,47380,,kWh,,
Apr-15,-67.60269444,62.87380556,Mawson,Station electricity usage,78051,,kWh,,
Apr-15,-68.57661111,77.96738889,Davis,Station electricity usage,156619,,kWh,,
Apr-15,-66.28180556,110.5276111,Casey,Station electricity usage,129380,,kWh,,
Apr-15,-54.61988889,158.861,Macquarie Island,Station electricity usage,48485,,kWh,,
May-15,-67.60269444,62.87380556,Mawson,Station electricity usage,133034,,kWh,,
May-15,-68.57661111,77.96738889,Davis,Station electricity usage,176046,,kWh,,
May-15,-66.28180556,110.5276111,Casey,Station electricity usage,143733,,kWh,,
May-15,-54.61988889,158.861,Macquarie Island,Station electricity usage,46682,,kWh,,
Jun-15,-67.60269444,62.87380556,Mawson,Station electricity usage,92603,,kWh,,
Jun-15,-68.57661111,77.96738889,Davis,Station electricity usage,160087,,kWh,,
Jun-15,-66.28180556,110.5276111,Casey,Station electricity usage,138331,,kWh,,
Jun-15,-54.61988889,158.861,Macquarie Island,Station electricity usage,46260,,kWh,,
Jul-15,-67.60269444,62.87380556,Mawson,Station electricity usage,134418,,kWh,,
Jul-15,-68.57661111,77.96738889,Davis,Station electricity usage,173993,,kWh,,
Jul-15,-66.28180556,110.5276111,Casey,Station electricity usage,152378,,kWh,,
Jul-15,-54.61988889,158.861,Macquarie Island,Station electricity usage,45215,,kWh,,
Aug-15,-67.60269444,62.87380556,Mawson,Station electricity usage,99657,,kWh,,
Aug-15,-68.57661111,77.96738889,Davis,Station electricity usage,166654,,kWh,,
Aug-15,-66.28180556,110.5276111,Casey,Station electricity usage,153606,,kWh,,
Aug-15,-54.61988889,158.861,Macquarie Island,Station electricity usage,44020,,kWh,,
Sep-15,-67.60269444,62.87380556,Mawson,Station electricity usage,89104,,kWh,,
Sep-15,-68.57661111,77.96738889,Davis,Station electricity usage,157951,,kWh,,
Sep-15,-66.28180556,110.5276111,Casey,Station electricity usage,143459,,kWh,,
Sep-15,-54.61988889,158.861,Macquarie Island,Station electricity usage,42755,,kWh,,
Oct-15,-67.60269444,62.87380556,Mawson,Station electricity usage,78649,,kWh,,
Oct-15,-68.57661111,77.96738889,Davis,Station electricity usage,160393,,kWh,,
Oct-15,-66.28180556,110.5276111,Casey,Station electricity usage,143497,,kWh,,
Oct-15,-54.61988889,158.861,Macquarie Island,Station electricity usage,43350,,kWh,,
Nov-15,-67.60269444,62.87380556,Mawson,Station electricity usage,77277,,kWh,,
Nov-15,-68.57661111,77.96738889,Davis,Station electricity usage,149455,,kWh,,
Nov-15,-66.28180556,110.5276111,Casey,Station electricity usage,136738,,kWh,,
Nov-15,-54.61988889,158.861,Macquarie Island,Station electricity usage,38760,,kWh,,
Dec-15,-67.60269444,62.87380556,Mawson,Station electricity usage,80210,,kWh,,
Dec-15,-68.57661111,77.96738889,Davis,Station electricity usage,145933,,kWh,,
Dec-15,-66.28180556,110.5276111,Casey,Station electricity usage,137936,,kWh,,
Dec-15,-54.61988889,158.861,Macquarie Island,Station electricity usage,40130,,kWh,,
Jan-16,-67.60269444,62.87380556,Mawson,Station electricity usage,77620,,kWh,,
Jan-16,-68.57661111,77.96738889,Davis,Station electricity usage,157633,,kWh,,
Jan-16,-66.28180556,110.5276111,Casey,Station electricity usage,143003,,kWh,,
Jan-16,-54.61988889,158.861,Macquarie Island,Station electricity usage,42234,,kWh,,
Feb-16,-67.60269444,62.87380556,Mawson,Station electricity usage,65859,,kWh,,
Feb-16,-68.57661111,77.96738889,Davis,Station electricity usage,153856,,kWh,,
Feb-16,-66.28180556,110.5276111,Casey,Station electricity usage,130376,,kWh,,
Feb-16,-54.61988889,158.861,Macquarie Island,Station electricity usage,40235,,kWh,,
